Date,Open,High,Low,Close,Adj Close,Volume
2021-10-08,298.6097717285156,302.4016418457031,279.60302734375,280.83538818359375,280.83538818359375,47620
2021-10-11,282.96832275390625,282.96832275390625,270.2655334472656,278.37066650390625,278.37066650390625,19694
2021-10-12,279.17645263671875,280.598388671875,273.4886474609375,274.1048278808594,274.1048278808594,17030
2021-10-13,274.8157958984375,278.70245361328125,265.7153015136719,275.00537109375,275.00537109375,24594
2021-10-14,273.9626159667969,278.70245361328125,269.2227783203125,270.6447448730469,270.6447448730469,16015
2021-10-18,269.2227783203125,274.341796875,260.1222839355469,263.77197265625,263.77197265625,20350
2021-10-19,265.66790771484375,265.66790771484375,258.1315612792969,262.776611328125,262.776611328125,17326
2021-10-20,262.87139892578125,268.0852355957031,255.95123291015625,257.6575927734375,257.6575927734375,11592
2021-10-21,261.1176452636719,265.33612060546875,255.19285583496094,261.3072509765625,261.3072509765625,6676
2021-10-22,264.4829406738281,266.1418762207031,257.3257751464844,259.6957092285156,259.6957092285156,4997
2021-10-25,264.4829406738281,264.4829406738281,234.14797973632812,250.40562438964844,250.40562438964844,9549
2021-10-26,255.4298553466797,260.6910705566406,252.20677185058594,256.1408386230469,256.1408386230469,8041
2021-10-27,261.1176452636719,263.440185546875,252.15936279296875,254.7188720703125,254.7188720703125,6167
2021-10-28,254.90847778320312,259.6483154296875,251.3061981201172,254.24488830566406,254.24488830566406,3645
2021-10-29,254.33969116210938,254.3870849609375,240.9259490966797,246.37677001953125,246.37677001953125,8968
2021-11-01,250.6900177001953,274.91058349609375,250.6900177001953,272.019287109375,272.019287109375,21740
2021-11-02,275.8585510253906,279.6504211425781,261.21246337890625,267.46905517578125,267.46905517578125,10969
2021-11-03,273.6308288574219,273.7256164550781,265.430908203125,265.66790771484375,265.66790771484375,7200
2021-11-04,274.7684020996094,274.7684020996094,268.13262939453125,271.26092529296875,271.26092529296875,2458
2021-11-08,271.59271240234375,274.8631896972656,259.55352783203125,264.5777282714844,264.5777282714844,16872
2021-11-09,268.2748107910156,268.2748107910156,259.0321350097656,264.767333984375,264.767333984375,6297
2021-11-10,269.64935302734375,271.0713195800781,262.5870056152344,263.2505798339844,263.2505798339844,12168
2021-11-11,249.83685302734375,271.0713195800781,249.83685302734375,266.4736633300781,266.4736633300781,15231
2021-11-12,266.5210876464844,268.3695983886719,258.1315612792969,262.0182189941406,262.0182189941406,9856
2021-11-15,264.86212158203125,264.9095153808594,246.4715576171875,251.9697723388672,251.9697723388672,12771
2021-11-16,246.4715576171875,261.5916442871094,246.4715576171875,255.4772491455078,255.4772491455078,17591
2021-11-17,257.7997741699219,270.692138671875,253.10733032226562,259.3165283203125,259.3165283203125,20157
2021-11-18,262.4922180175781,273.0146484375,251.21139526367188,268.32220458984375,268.32220458984375,29222
2021-11-22,267.32684326171875,271.11871337890625,251.59059143066406,253.53392028808594,253.53392028808594,14138
2021-11-23,248.5570831298828,257.84716796875,247.41952514648438,254.4818878173828,254.4818878173828,11905
2021-11-24,260.5962829589844,264.435546875,252.7281494140625,259.1269226074219,259.1269226074219,8313
2021-11-25,256.3304138183594,263.53497314453125,255.95123291015625,257.4679870605469,257.4679870605469,9016
2021-11-26,256.42523193359375,256.52001953125,244.67042541503906,247.1825408935547,247.1825408935547,19101
2021-11-29,252.15936279296875,252.25416564941406,225.37928771972656,241.54212951660156,241.54212951660156,28519
2021-11-30,238.36643981933594,246.28196716308594,238.3190460205078,241.21034240722656,241.21034240722656,17983
2021-12-01,253.86570739746094,253.86570739746094,238.79302978515625,240.6415557861328,240.6415557861328,5114
2021-12-02,245.19180297851562,285.52783203125,239.50399780273438,273.1568603515625,273.1568603515625,194588
2021-12-03,273.0146484375,290.07806396484375,266.7106628417969,270.5025329589844,270.5025329589844,129066
2021-12-06,273.9626159667969,273.9626159667969,259.74310302734375,264.7199401855469,264.7199401855469,39851
2021-12-07,269.64935302734375,271.4031066894531,262.53961181640625,263.4875793457031,263.4875793457031,7251
2021-12-08,265.430908203125,266.8528747558594,260.7858581542969,261.3546447753906,261.3546447753906,6727
2021-12-09,258.842529296875,266.5684814453125,256.9939880371094,258.3211669921875,258.3211669921875,27355
2021-12-10,263.0135803222656,267.421630859375,257.84716796875,264.00897216796875,264.00897216796875,9068
2021-12-13,264.0563659667969,269.2227783203125,263.0610046386719,263.86676025390625,263.86676025390625,8117
2021-12-14,267.5638427734375,268.2748107910156,263.9141540527344,267.32684326171875,267.32684326171875,4568
2021-12-15,267.80084228515625,269.64935302734375,264.0563659667969,265.430908203125,265.430908203125,4847
2021-12-16,267.2794494628906,288.8930969238281,262.8240051269531,274.9579772949219,274.9579772949219,49702
2021-12-17,276.3325500488281,280.1244201660156,267.32684326171875,267.75341796875,267.75341796875,21119
2021-12-20,267.75341796875,267.75341796875,256.42523193359375,261.3072509765625,261.3072509765625,21803
2021-12-21,260.6910705566406,270.2655334472656,259.6957092285156,265.9523010253906,265.9523010253906,8881
2021-12-22,267.13726806640625,269.69677734375,261.78125,265.2413330078125,265.2413330078125,11841
2021-12-23,271.11871337890625,272.0666809082031,266.8528747558594,267.6112365722656,267.6112365722656,10476
2021-12-24,268.2748107910156,273.1568603515625,260.6910705566406,264.3881530761719,264.3881530761719,6969
2021-12-27,258.7951354980469,273.2990417480469,258.7951354980469,267.8482360839844,267.8482360839844,16042
2021-12-28,261.6390380859375,283.4422912597656,261.6390380859375,276.5221252441406,276.5221252441406,32243
2021-12-29,281.7359619140625,284.0584716796875,271.3083190917969,275.57415771484375,275.57415771484375,26408
2021-12-30,280.69317626953125,294.8179016113281,276.8065185546875,292.6849670410156,292.6849670410156,134296
2021-12-31,296.6190490722656,316.4789733886719,289.1300964355469,302.5438537597656,302.5438537597656,268015
2022-01-03,300.6953125,325.4846496582031,299.2733459472656,311.596923828125,311.596923828125,142983
2022-01-04,314.0142517089844,314.0142517089844,299.9369201660156,308.70562744140625,308.70562744140625,84171
2022-01-05,311.596923828125,311.596923828125,298.6097717285156,300.93231201171875,300.93231201171875,32571
2022-01-06,300.93231201171875,308.51605224609375,293.86993408203125,303.44439697265625,303.44439697265625,22776
2022-01-07,305.90911865234375,306.1935119628906,283.6792907714844,288.9405212402344,288.9405212402344,69259
2022-01-10,293.86993408203125,312.16571044921875,290.5046691894531,307.9946594238281,307.9946594238281,59587
2022-01-11,309.03741455078125,310.17498779296875,294.86529541015625,300.7427062988281,300.7427062988281,56094
2022-01-12,304.1080017089844,316.9055480957031,300.5531005859375,307.1414794921875,307.1414794921875,146474
2022-01-13,308.04205322265625,368.5697937011719,306.1935119628906,368.5697937011719,368.5697937011719,610527
2022-01-14,421.8455505371094,442.2742614746094,409.52197265625,442.2742614746094,442.2742614746094,589722
2022-01-17,450.2845764160156,486.4969482421875,442.2742614746094,486.4969482421875,486.4969482421875,810337
2022-01-18,509.0585632324219,535.127685546875,446.4927062988281,453.2232971191406,453.2232971191406,541790
2022-01-19,440.8049011230469,462.608154296875,422.03515625,448.81524658203125,448.81524658203125,259680
2022-01-20,447.0614929199219,472.4670104980469,447.0614929199219,466.9214172363281,466.9214172363281,145288
2022-01-21,453.2232971191406,468.29595947265625,437.0130310058594,444.786376953125,444.786376953125,77850
2022-01-24,446.4927062988281,463.5561218261719,424.689453125,454.2186584472656,454.2186584472656,114594
2022-01-25,459.71685791015625,469.2439270019531,438.5771789550781,449.5262145996094,449.5262145996094,79727
2022-01-27,432.273193359375,453.4128723144531,431.3252258300781,435.49627685546875,435.49627685546875,47608
2022-01-28,427.5333557128906,439.85693359375,425.7796325683594,427.39117431640625,427.39117431640625,59360
2022-01-31,436.0650634765625,438.29278564453125,420.13922119140625,422.8883361816406,422.8883361816406,28497
2022-02-01,426.39581298828125,465.16766357421875,406.63067626953125,465.16766357421875,465.16766357421875,174228
2022-02-02,477.775634765625,482.2310791015625,445.9239196777344,448.7204284667969,448.7204284667969,128320
2022-02-03,450.2845764160156,464.50408935546875,443.8384094238281,447.10888671875,447.10888671875,34338
2022-02-04,445.54473876953125,447.440673828125,438.52978515625,439.9991455078125,439.9991455078125,75387
2022-02-07,440.8049011230469,450.5215759277344,426.72760009765625,432.03619384765625,432.03619384765625,72359
2022-02-08,433.2211608886719,439.0037841796875,405.8249206542969,417.769287109375,417.769287109375,43512
2022-02-09,424.2154846191406,448.104248046875,423.45709228515625,438.5771789550781,438.5771789550781,90410
2022-02-10,443.6488037109375,445.54473876953125,437.20263671875,441.4684753417969,441.4684753417969,21849
2022-02-11,441.08929443359375,443.791015625,353.21270751953125,372.0298767089844,372.0298767089844,391958
2022-02-14,355.9618225097656,396.25042724609375,355.01385498046875,380.7037658691406,380.7037658691406,101536
2022-02-15,380.7037658691406,381.74652099609375,350.89019775390625,366.7686462402344,366.7686462402344,56785
2022-02-16,369.70733642578125,378.76043701171875,331.8834228515625,347.0509033203125,347.0509033203125,121229
2022-02-17,350.74798583984375,362.8345642089844,348.6624755859375,351.0323791503906,351.0323791503906,32696
2022-02-18,351.0323791503906,352.1699523925781,345.202392578125,346.95611572265625,346.95611572265625,31879
2022-02-21,349.8000183105469,349.8000183105469,327.5701904296875,333.8267822265625,333.8267822265625,43659
2022-02-22,327.99676513671875,328.6129455566406,312.82928466796875,319.512451171875,319.512451171875,53946
2022-02-23,330.8406677246094,381.08294677734375,325.1528625488281,348.3306884765625,348.3306884765625,330506
2022-02-24,331.8834228515625,341.0787353515625,313.7772521972656,318.5644836425781,318.5644836425781,78190
2022-02-25,354.53985595703125,354.53985595703125,333.1632080078125,336.4810791015625,336.4810791015625,37264
2022-02-28,327.0487976074219,356.9097900390625,318.61187744140625,355.01385498046875,355.01385498046875,74552
2022-03-02,354.01849365234375,364.9674987792969,344.15960693359375,357.43115234375,357.43115234375,30720
2022-03-03,357.5733642578125,364.8727111816406,344.2544250488281,347.3352966308594,347.3352966308594,27032
2022-03-04,347.3352966308594,352.3121337890625,340.50994873046875,343.0694580078125,343.0694580078125,17669
2022-03-07,342.595458984375,345.0601806640625,327.09619140625,335.58050537109375,335.58050537109375,41933
2022-03-08,327.09619140625,355.4878234863281,327.09619140625,347.28790283203125,347.28790283203125,25260
2022-03-09,350.74798583984375,360.0854797363281,338.4244079589844,354.77685546875,354.77685546875,39097
2022-03-10,364.9674987792969,367.1952209472656,348.9942626953125,353.2601013183594,353.2601013183594,50109
2022-03-11,357.33636474609375,357.33636474609375,335.343505859375,341.36309814453125,341.36309814453125,75143
2022-03-14,346.529541015625,353.5918884277344,334.3955383300781,338.04522705078125,338.04522705078125,96262
2022-03-15,341.4579162597656,343.16424560546875,332.78399658203125,335.8648986816406,335.8648986816406,44706
2022-03-16,339.4197692871094,348.8046569824219,337.61865234375,344.1122131347656,344.1122131347656,46000
2022-03-17,352.6439208984375,383.9268493652344,349.75262451171875,363.2137756347656,363.2137756347656,154155
2022-03-21,366.6738586425781,381.08294677734375,362.6449890136719,364.6357116699219,364.6357116699219,89912
2022-03-22,364.01953125,366.5316467285156,353.0705261230469,357.0519714355469,357.0519714355469,38923
2022-03-23,360.13287353515625,364.3039245605469,351.8381652832031,353.5918884277344,353.5918884277344,53189
2022-03-24,356.19879150390625,361.79180908203125,346.0081481933594,348.8046569824219,348.8046569824219,70824
2022-03-25,358.33172607421875,358.33172607421875,341.268310546875,347.3827209472656,347.3827209472656,47749
2022-03-28,344.1122131347656,346.29254150390625,331.8834228515625,333.7319641113281,333.7319641113281,81046
2022-03-29,340.17816162109375,341.7897033691406,322.40374755859375,325.437255859375,325.437255859375,43992
2022-03-30,341.03131103515625,348.6624755859375,334.1585693359375,341.8844909667969,341.8844909667969,70111
2022-03-31,341.8844909667969,346.5769348144531,333.6845703125,335.39093017578125,335.39093017578125,67050
2022-04-01,342.6902770996094,348.28326416015625,336.8128662109375,340.7943420410156,340.7943420410156,51364
2022-04-04,338.8984069824219,350.9849853515625,338.8984069824219,349.2312316894531,349.2312316894531,67988
2022-04-05,354.53985595703125,381.7939147949219,347.61968994140625,374.63677978515625,374.63677978515625,108223
2022-04-06,381.6991271972656,420.8975830078125,379.18701171875,397.8145751953125,397.8145751953125,262113
2022-04-07,397.956787109375,398.05157470703125,379.28179931640625,380.3719787597656,380.3719787597656,74956
2022-04-08,384.87481689453125,385.4909973144531,372.0772705078125,379.3292236328125,379.3292236328125,60356
2022-04-11,378.95001220703125,389.7094421386719,378.95001220703125,384.116455078125,384.116455078125,59275
2022-04-12,385.7279968261719,385.7279968261719,369.9443359375,373.30963134765625,373.30963134765625,49398
2022-04-13,382.0309143066406,382.9788818359375,371.603271484375,377.2436828613281,377.2436828613281,38954
2022-04-18,378.0494689941406,378.2390441894531,370.84490966796875,373.3570251464844,373.3570251464844,31718
2022-04-19,380.1349792480469,381.41473388671875,359.2796936035156,364.5409240722656,364.5409240722656,53898
2022-04-20,368.4749755859375,373.8783874511719,324.20489501953125,359.6114807128906,359.6114807128906,54472
2022-04-21,360.0854797363281,397.1983947753906,355.86700439453125,393.02734375,393.02734375,125251
2022-04-22,393.02734375,409.52197265625,388.4296875,393.8805236816406,393.8805236816406,101002
2022-04-25,393.359130859375,396.25042724609375,372.3616638183594,376.1061096191406,376.1061096191406,53055
2022-04-26,376.3905029296875,386.770751953125,365.2044982910156,366.3420715332031,366.3420715332031,48289
2022-04-27,366.7686462402344,370.6553039550781,356.435791015625,368.6171875,368.6171875,40358
2022-04-28,362.92938232421875,374.0205993652344,358.33172607421875,360.8912353515625,360.8912353515625,33008
2022-04-29,364.9674987792969,371.0819091796875,353.5918884277344,356.1513977050781,356.1513977050781,37162
2022-05-02,344.1122131347656,355.9144287109375,343.9226379394531,347.3827209472656,347.3827209472656,44014
2022-05-04,349.8000183105469,355.4404296875,336.6232604980469,340.03594970703125,340.03594970703125,27155
2022-05-05,340.3203430175781,362.12359619140625,336.57586669921875,356.4831848144531,356.4831848144531,82477
2022-05-06,355.4878234863281,355.4878234863281,333.2106018066406,339.7515563964844,339.7515563964844,55645
2022-05-09,327.99676513671875,336.24407958984375,327.0487976074219,329.1817321777344,329.1817321777344,51342
2022-05-10,329.8927001953125,336.5284729003906,318.61187744140625,322.9725341796875,322.9725341796875,28396
2022-05-11,322.9725341796875,329.46612548828125,286.7127990722656,295.33929443359375,295.33929443359375,90320
2022-05-12,280.598388671875,310.933349609375,276.0955505371094,295.43408203125,295.43408203125,74900
2022-05-13,308.70562744140625,312.49749755859375,294.8179016113281,297.33001708984375,297.33001708984375,35450
2022-05-16,309.9853820800781,312.4027099609375,300.5531005859375,306.951904296875,306.951904296875,23544
2022-05-17,312.82928466796875,312.82928466796875,305.24554443359375,309.4165954589844,309.4165954589844,24208
2022-05-18,316.3841552734375,320.4604187011719,309.03741455078125,310.69635009765625,310.69635009765625,27527
2022-05-19,308.0894470214844,308.9900207519531,296.9034423828125,298.0409851074219,298.0409851074219,20472
2022-05-20,299.6051330566406,304.58197021484375,294.8179016113281,297.14044189453125,297.14044189453125,23154
2022-05-23,297.14044189453125,300.6004943847656,285.4330139160156,291.54742431640625,291.54742431640625,9726
2022-05-24,297.2352294921875,298.5623779296875,285.3382263183594,287.7081604003906,287.7081604003906,14839
2022-05-25,291.0260314941406,291.0260314941406,267.32684326171875,270.0759582519531,270.0759582519531,37920
2022-05-26,282.30474853515625,284.20068359375,255.99864196777344,261.1176452636719,261.1176452636719,26289
2022-05-27,269.0805969238281,283.15789794921875,268.2748107910156,278.7498474121094,278.7498474121094,20931
2022-05-30,279.7926330566406,288.9405212402344,264.86212158203125,267.75341796875,267.75341796875,32542
2022-05-31,258.8899230957031,259.74310302734375,236.5653076171875,250.6900177001953,250.6900177001953,81750
2022-06-01,251.21139526367188,258.7951354980469,250.78482055664062,256.2356262207031,256.2356262207031,32564
2022-06-02,258.7951354980469,266.99505615234375,255.00326538085938,263.34539794921875,263.34539794921875,19978
2022-06-03,264.9569396972656,269.1753845214844,252.15936279296875,255.90383911132812,255.90383911132812,20273
2022-06-06,252.15936279296875,255.0980682373047,249.31546020507812,249.78944396972656,249.78944396972656,17429
2022-06-07,252.7281494140625,255.57205200195312,249.78944396972656,251.7327880859375,251.7327880859375,9561
2022-06-08,259.6957092285156,259.6957092285156,247.60911560058594,248.8414764404297,248.8414764404297,9050
2022-06-09,253.01254272460938,255.90383911132812,248.88888549804688,252.3963623046875,252.3963623046875,9016
2022-06-10,252.0171661376953,259.74310302734375,250.87960815429688,258.7951354980469,258.7951354980469,6662
2022-06-13,255.00326538085938,255.95123291015625,246.5663604736328,249.31546020507812,249.31546020507812,18586
2022-06-14,251.16400146484375,254.4818878173828,246.61375427246094,248.2252960205078,248.2252960205078,10264
2022-06-15,251.9697723388672,260.5962829589844,248.36749267578125,258.74774169921875,258.74774169921875,15634
2022-06-16,259.74310302734375,260.6910705566406,241.73171997070312,243.81724548339844,243.81724548339844,10033
2022-06-17,248.36749267578125,250.21603393554688,236.5178985595703,238.79302978515625,238.79302978515625,12786
2022-06-20,239.9779815673828,241.020751953125,227.5596160888672,230.35610961914062,230.35610961914062,21692
2022-06-21,238.79302978515625,242.25311279296875,231.3040771484375,240.68896484375,240.68896484375,11437
2022-06-22,239.6461944580078,241.63693237304688,233.24742126464844,239.40921020507812,239.40921020507812,10075
2022-06-23,239.5513916015625,251.3061981201172,239.40921020507812,249.41026306152344,249.41026306152344,11326
2022-06-24,253.01254272460938,258.41595458984375,250.73741149902344,255.99864196777344,255.99864196777344,8435
2022-06-27,260.6436767578125,265.430908203125,256.8992004394531,257.9893798828125,257.9893798828125,10731
2022-06-28,256.188232421875,262.3500061035156,246.70855712890625,253.10733032226562,253.10733032226562,13165
2022-06-29,253.01254272460938,255.4298553466797,248.6044921875,249.55245971679688,249.55245971679688,11613
2022-06-30,253.10733032226562,257.8945617675781,246.5663604736328,248.08309936523438,248.08309936523438,4241
2022-07-01,250.263427734375,250.263427734375,244.0542449951172,246.32936096191406,246.32936096191406,3830
2022-07-04,248.79408264160156,255.95123291015625,238.9826202392578,244.90740966796875,244.90740966796875,42549
2022-07-05,246.4715576171875,251.06919860839844,236.04391479492188,239.03001403808594,239.03001403808594,28393
2022-07-06,241.73171997070312,241.73171997070312,235.99652099609375,238.08204650878906,238.08204650878906,6025
2022-07-07,241.73171997070312,246.4715576171875,238.27163696289062,242.63229370117188,242.63229370117188,18547
2022-07-08,244.7652130126953,249.31546020507812,233.24742126464844,240.12017822265625,240.12017822265625,20004
2022-07-11,244.3860321044922,288.1347351074219,237.5606689453125,288.1347351074219,288.1347351074219,736520
2022-07-12,298.6097717285156,308.0894470214844,275.7637634277344,277.4700927734375,277.4700927734375,432502
2022-07-13,281.49896240234375,281.49896240234375,265.430908203125,267.5638427734375,267.5638427734375,76155
2022-07-14,265.5731201171875,269.8863525390625,262.53961181640625,265.85748291015625,265.85748291015625,56913
2022-07-15,266.99505615234375,306.1935119628906,266.99505615234375,296.4768371582031,296.4768371582031,538928
2022-07-18,300.3161315917969,313.7772521972656,296.0502624511719,300.9797058105469,300.9797058105469,228985
2022-07-19,299.5577392578125,303.3970031738281,296.66644287109375,300.1739196777344,300.1739196777344,33638
2022-07-20,298.6097717285156,304.2975769042969,289.1300964355469,291.6422119140625,291.6422119140625,38926
2022-07-21,289.3670959472656,305.24554443359375,288.7983093261719,300.6953125,300.6953125,41968
2022-07-22,306.6201171875,307.1414794921875,296.76123046875,299.036376953125,299.036376953125,36862
2022-07-25,307.1414794921875,307.1414794921875,292.1636047363281,293.443359375,293.443359375,45629
2022-07-26,298.6097717285156,298.6097717285156,275.1475830078125,278.9868469238281,278.9868469238281,51980
2022-07-27,278.70245361328125,286.28619384765625,274.7684020996094,282.8735046386719,282.8735046386719,28256
2022-07-28,290.9312438964844,290.9312438964844,271.11871337890625,272.5406799316406,272.5406799316406,63480
2022-07-29,277.7544860839844,279.0816345214844,270.8343200683594,273.2990417480469,273.2990417480469,317334
2022-08-01,284.3902587890625,327.9493713378906,283.4422912597656,327.9493713378906,327.9493713378906,512465
2022-08-02,328.9447326660156,337.4764404296875,309.2744140625,312.0235290527344,312.0235290527344,242732
2022-08-03,310.9807434082031,325.01068115234375,304.3923645019531,313.5402526855469,313.5402526855469,137428
2022-08-04,316.5263671875,319.2754821777344,299.5577392578125,302.6386413574219,302.6386413574219,95981
2022-08-05,307.0940856933594,307.1888732910156,299.9369201660156,301.45367431640625,301.45367431640625,32857
2022-08-08,305.24554443359375,337.3342590332031,302.4016418457031,331.69384765625,331.69384765625,167478
2022-08-10,331.78863525390625,331.78863525390625,317.1425476074219,323.2569274902344,323.2569274902344,80732
2022-08-11,322.3089599609375,323.0199279785156,307.1888732910156,317.0477600097656,317.0477600097656,46974
2022-08-12,322.0245666503906,346.6717224121094,312.82928466796875,328.4233703613281,328.4233703613281,106542
2022-08-16,331.78863525390625,331.78863525390625,318.8014831542969,321.07659912109375,321.07659912109375,39085
2022-08-17,324.86846923828125,326.100830078125,312.82928466796875,322.0245666503906,322.0245666503906,39727
2022-08-18,326.100830078125,326.100830078125,312.82928466796875,314.3460388183594,314.3460388183594,31308
2022-08-19,321.1239929199219,329.4187316894531,308.0894470214844,312.0235290527344,312.0235290527344,67485
2022-08-22,310.7911682128906,316.62115478515625,305.24554443359375,309.606201171875,309.606201171875,101444
2022-08-23,312.82928466796875,339.1353759765625,312.82928466796875,337.71343994140625,337.71343994140625,169386
2022-08-24,341.268310546875,352.6439208984375,327.99676513671875,335.4857177734375,335.4857177734375,149530
2022-08-25,338.0,348.1499938964844,336.0,343.54998779296875,343.54998779296875,89996
2022-08-26,350.0,369.8999938964844,344.54998779296875,365.29998779296875,365.29998779296875,152546
2022-08-29,345.20001220703125,374.5,345.20001220703125,367.79998779296875,367.79998779296875,59454
2022-08-30,368.8999938964844,374.75,359.25,370.75,370.75,41836
2022-09-01,372.5,374.6000061035156,360.04998779296875,361.5,361.5,27720
2022-09-02,362.0,370.0,356.0,356.8999938964844,356.8999938964844,43714
2022-09-05,356.8999938964844,356.8999938964844,348.0,351.79998779296875,351.79998779296875,20026
2022-09-06,357.0,365.1499938964844,352.8500061035156,354.79998779296875,354.79998779296875,35055
2022-09-07,354.79998779296875,359.3500061035156,346.0,347.75,347.75,26356
2022-09-08,358.0,368.0,349.20001220703125,352.1499938964844,352.1499938964844,52402
2022-09-09,357.95001220703125,357.95001220703125,347.45001220703125,350.54998779296875,350.54998779296875,33588
2022-09-12,357.0,377.0,353.1000061035156,369.04998779296875,369.04998779296875,180505
2022-09-13,373.79998779296875,377.70001220703125,363.3500061035156,366.1000061035156,366.1000061035156,53669
2022-09-14,360.0,366.0,358.04998779296875,361.3500061035156,361.3500061035156,26778
2022-09-15,369.0,369.0,352.0,355.8999938964844,355.8999938964844,34488
2022-09-16,355.8999938964844,360.95001220703125,343.0,346.6499938964844,346.6499938964844,39831
2022-09-19,347.6000061035156,353.0,327.20001220703125,329.29998779296875,329.29998779296875,67302
2022-09-20,332.8999938964844,339.0,330.20001220703125,332.29998779296875,332.29998779296875,27743
2022-09-21,335.0,338.25,322.8500061035156,325.45001220703125,325.45001220703125,24576
2022-09-22,325.54998779296875,336.04998779296875,325.0,333.8500061035156,333.8500061035156,50054
2022-09-23,335.0,339.29998779296875,323.0,333.54998779296875,333.54998779296875,30759
2022-09-26,333.54998779296875,333.54998779296875,305.0,310.8500061035156,310.8500061035156,49696
2022-09-27,317.0,324.0,304.0,306.20001220703125,306.20001220703125,30430
2022-09-28,297.0,331.8999938964844,297.0,321.3999938964844,321.3999938964844,64879
2022-09-29,328.8500061035156,332.8999938964844,323.1000061035156,328.8999938964844,328.8999938964844,11630
2022-09-30,323.0,328.0,321.3500061035156,323.25,323.25,10999
2022-10-03,322.04998779296875,347.79998779296875,322.04998779296875,340.1499938964844,340.1499938964844,68470
2022-10-04,346.95001220703125,347.0,335.6000061035156,337.3999938964844,337.3999938964844,23324
2022-10-06,344.0,348.20001220703125,336.3500061035156,338.6000061035156,338.6000061035156,21509
2022-10-07,341.0,346.8500061035156,338.0,340.95001220703125,340.95001220703125,13724
2022-10-10,335.0,335.0,317.0,320.6499938964844,320.6499938964844,55343
2022-10-11,321.0,335.0,320.6499938964844,323.54998779296875,323.54998779296875,27594
2022-10-12,328.95001220703125,328.95001220703125,315.0,318.3500061035156,318.3500061035156,13408
2022-10-13,324.0,324.0,309.6000061035156,313.25,313.25,21370
2022-10-14,319.45001220703125,323.95001220703125,311.70001220703125,314.8999938964844,314.8999938964844,12839
2022-10-17,307.6000061035156,319.8500061035156,307.6000061035156,316.20001220703125,316.20001220703125,25845
2022-10-18,319.79998779296875,327.20001220703125,317.04998779296875,319.95001220703125,319.95001220703125,33651
2022-10-19,326.25,330.0,309.0,310.79998779296875,310.79998779296875,25185
2022-10-20,315.6000061035156,315.6000061035156,304.0,309.45001220703125,309.45001220703125,19997
2022-10-21,308.8999938964844,312.6000061035156,304.20001220703125,306.95001220703125,306.95001220703125,15768
2022-10-24,309.95001220703125,314.3999938964844,294.0,310.25,310.25,21119
2022-10-25,309.8999938964844,310.0,301.20001220703125,305.75,305.75,16477
2022-10-27,302.1000061035156,308.0,300.0,307.04998779296875,307.04998779296875,19158
2022-10-28,312.45001220703125,315.0,303.0,307.3999938964844,307.3999938964844,11700
2022-10-31,307.3500061035156,308.8999938964844,274.1000061035156,284.5,284.5,133372
2022-11-01,290.79998779296875,295.6499938964844,286.25,288.3999938964844,288.3999938964844,55029
2022-11-02,290.1000061035156,291.0,281.20001220703125,282.5,282.5,22741
2022-11-03,282.5,284.25,275.0,277.04998779296875,277.04998779296875,26730
2022-11-04,273.5,284.54998779296875,271.79998779296875,273.6499938964844,273.6499938964844,31317
2022-11-07,273.6499938964844,278.95001220703125,272.5,273.20001220703125,273.20001220703125,26494
2022-11-09,278.20001220703125,279.8999938964844,272.54998779296875,273.8999938964844,273.8999938964844,31222
2022-11-10,271.1000061035156,273.8999938964844,265.54998779296875,267.5,267.5,15601
2022-11-11,274.3500061035156,274.3500061035156,265.0,270.3999938964844,270.3999938964844,19356
2022-11-14,270.3999938964844,270.3999938964844,259.6499938964844,262.25,262.25,35225
2022-11-15,265.79998779296875,274.04998779296875,263.29998779296875,270.25,270.25,17999
2022-11-16,273.70001220703125,273.70001220703125,262.0,263.29998779296875,263.29998779296875,11433
2022-11-17,265.0,273.0,258.0,267.8500061035156,267.8500061035156,30679
2022-11-18,280.1000061035156,283.95001220703125,266.6000061035156,270.6000061035156,270.6000061035156,51915
2022-11-21,274.45001220703125,275.0,268.0,270.6499938964844,270.6499938964844,14986
2022-11-22,273.5,273.5,261.0,262.3999938964844,262.3999938964844,20918
2022-11-23,268.3500061035156,268.3500061035156,261.20001220703125,261.45001220703125,261.45001220703125,8984
2022-11-24,262.25,267.45001220703125,260.0,261.6000061035156,261.6000061035156,19778
2022-11-25,262.25,264.20001220703125,260.0,261.70001220703125,261.70001220703125,13828
2022-11-28,261.70001220703125,266.95001220703125,260.54998779296875,261.70001220703125,261.70001220703125,19950
2022-11-29,263.79998779296875,264.0,255.5500030517578,260.95001220703125,260.95001220703125,21431
2022-11-30,261.0,261.5,256.79998779296875,258.5,258.5,18488
2022-12-01,259.0,264.45001220703125,253.6999969482422,258.54998779296875,258.54998779296875,30500
2022-12-02,258.04998779296875,271.0,254.5,268.6499938964844,268.6499938964844,42853
2022-12-05,271.0,272.29998779296875,265.75,266.45001220703125,266.45001220703125,28530
2022-12-06,267.3500061035156,269.3500061035156,261.0,262.70001220703125,262.70001220703125,19735
2022-12-07,265.0,265.0,259.04998779296875,263.1499938964844,263.1499938964844,20299
2022-12-08,264.8500061035156,271.25,263.04998779296875,267.79998779296875,267.79998779296875,22295
2022-12-09,267.79998779296875,269.79998779296875,263.1499938964844,265.0,265.0,12653
2022-12-12,269.79998779296875,269.79998779296875,260.1000061035156,261.6000061035156,261.6000061035156,14845
2022-12-13,262.0,262.1499938964844,255.0,256.5,256.5,24527
2022-12-14,259.8999938964844,260.8999938964844,256.6000061035156,257.6000061035156,257.6000061035156,13940
2022-12-15,259.3999938964844,266.1499938964844,258.20001220703125,261.6000061035156,261.6000061035156,26200
2022-12-16,261.0,261.6000061035156,254.10000610351562,255.9499969482422,255.9499969482422,18525
2022-12-19,252.5,259.45001220703125,252.5,254.3000030517578,254.3000030517578,10658
2022-12-20,254.5,255.8000030517578,249.0,251.5,251.5,14353
2022-12-21,253.9499969482422,254.4499969482422,245.5,246.25,246.25,11846
2022-12-22,247.0,247.0,235.0,237.10000610351562,237.10000610351562,29237
2022-12-23,237.14999389648438,237.85000610351562,215.3000030517578,225.1999969482422,225.1999969482422,41922
2022-12-26,222.5,243.1999969482422,222.5,236.85000610351562,236.85000610351562,28151
2022-12-27,239.4499969482422,247.0,234.0500030517578,243.14999389648438,243.14999389648438,19497
2022-12-28,245.0,245.0,231.3000030517578,235.10000610351562,235.10000610351562,20861
2022-12-29,239.6999969482422,239.9499969482422,232.0500030517578,235.25,235.25,12814
2022-12-30,238.89999389648438,241.14999389648438,236.10000610351562,238.35000610351562,238.35000610351562,18573
2023-01-02,242.89999389648438,242.89999389648438,235.64999389648438,237.1999969482422,237.1999969482422,16694
2023-01-03,241.0,241.0,234.39999389648438,235.64999389648438,235.64999389648438,10940
2023-01-04,235.25,237.85000610351562,230.10000610351562,231.89999389648438,231.89999389648438,25698
2023-01-05,234.8000030517578,234.8000030517578,231.5,232.89999389648438,232.89999389648438,14189
2023-01-06,231.85000610351562,235.8000030517578,230.0,233.4499969482422,233.4499969482422,14568
2023-01-09,236.25,241.64999389648438,230.89999389648438,232.0,232.0,16665
2023-01-10,234.8000030517578,238.1999969482422,231.0500030517578,237.3000030517578,237.3000030517578,12919
2023-01-11,238.5,238.5,232.4499969482422,233.4499969482422,233.4499969482422,9850
2023-01-12,231.5,239.89999389648438,231.5,237.35000610351562,237.35000610351562,15664
2023-01-13,237.35000610351562,239.4499969482422,231.0,234.75,234.75,12167
2023-01-16,233.5,239.5500030517578,233.5,237.6999969482422,237.6999969482422,12663
2023-01-17,239.5,240.39999389648438,231.0,232.0500030517578,232.0500030517578,26479
2023-01-18,232.3000030517578,235.0,225.0,225.5,225.5,36800
2023-01-19,229.89999389648438,229.89999389648438,224.0,225.0500030517578,225.0500030517578,9965
2023-01-20,225.5500030517578,229.4499969482422,224.0500030517578,227.0,227.0,5669
2023-01-23,226.0,229.9499969482422,218.0,219.64999389648438,219.64999389648438,33809
2023-01-24,223.89999389648438,223.89999389648438,209.5500030517578,211.5,211.5,37939
2023-01-25,215.60000610351562,215.60000610351562,208.0,211.64999389648438,211.64999389648438,17125
2023-01-27,210.1999969482422,217.35000610351562,207.5500030517578,213.89999389648438,213.89999389648438,18680
2023-01-30,213.89999389648438,215.0,208.6999969482422,209.14999389648438,209.14999389648438,22327
2023-01-31,213.25,213.6999969482422,207.89999389648438,209.85000610351562,209.85000610351562,9158
2023-02-01,209.85000610351562,251.8000030517578,209.85000610351562,223.6999969482422,223.6999969482422,506287
2023-02-02,228.0,237.8000030517578,224.25,227.0500030517578,227.0500030517578,95499
2023-02-03,225.0500030517578,228.64999389648438,215.0,220.3000030517578,220.3000030517578,29801
2023-02-06,226.0500030517578,227.8000030517578,216.0,225.14999389648438,225.14999389648438,22157
2023-02-07,225.5,240.0,222.0,236.1999969482422,236.1999969482422,34394
2023-02-08,232.6999969482422,245.25,232.6999969482422,240.85000610351562,240.85000610351562,30996
2023-02-09,240.85000610351562,261.0,240.0,252.10000610351562,252.10000610351562,94253
2023-02-10,254.8000030517578,263.1000061035156,253.64999389648438,254.9499969482422,254.9499969482422,34348
2023-02-13,255.85000610351562,255.85000610351562,240.0,240.64999389648438,240.64999389648438,20531
2023-02-14,244.25,245.8000030517578,225.0,227.8000030517578,227.8000030517578,42170
2023-02-15,225.0,226.0,214.4499969482422,215.3000030517578,215.3000030517578,68110
2023-02-16,217.89999389648438,223.4499969482422,217.75,220.39999389648438,220.39999389648438,17948
2023-02-17,223.6999969482422,225.39999389648438,208.5,212.5500030517578,212.5500030517578,59295
2023-02-20,214.8000030517578,216.6999969482422,210.5,215.3000030517578,215.3000030517578,17579
2023-02-21,217.89999389648438,217.89999389648438,213.64999389648438,215.5,215.5,11000
2023-02-22,215.39999389648438,215.5,210.0500030517578,211.10000610351562,211.10000610351562,5958
2023-02-23,212.0,214.4499969482422,208.6999969482422,210.3000030517578,210.3000030517578,11771
2023-02-24,210.3000030517578,219.89999389648438,209.35000610351562,213.35000610351562,213.35000610351562,14988
2023-02-27,215.5,216.5,208.6999969482422,211.0,211.0,10364
2023-02-28,210.5,217.4499969482422,203.89999389648438,215.0,215.0,14183
2023-03-01,211.0,223.3000030517578,211.0,221.9499969482422,221.9499969482422,20117
2023-03-02,221.9499969482422,223.9499969482422,216.3000030517578,217.5,217.5,7576
2023-03-03,219.75,219.75,211.35000610351562,217.0500030517578,217.0500030517578,51164
2023-03-06,219.9499969482422,230.39999389648438,213.85000610351562,225.0,225.0,29731
2023-03-08,225.0,225.0,216.14999389648438,217.3000030517578,217.3000030517578,27373
2023-03-09,227.0,227.0,217.0,218.0,218.0,7865
2023-03-10,215.25,221.0,212.5,217.60000610351562,217.60000610351562,23882
2023-03-13,216.0,216.9499969482422,210.0,210.89999389648438,210.89999389648438,34127
2023-03-14,210.89999389648438,213.0,205.5500030517578,208.0,208.0,30881
2023-03-15,208.14999389648438,209.9499969482422,206.0,206.35000610351562,206.35000610351562,6451
2023-03-16,210.5,210.5,203.0,205.25,205.25,6473
2023-03-17,207.89999389648438,210.25,201.0,202.39999389648438,202.39999389648438,14322
2023-03-20,205.0,205.0,198.14999389648438,199.9499969482422,199.9499969482422,12460
2023-03-21,200.0,205.0,200.0,200.9499969482422,200.9499969482422,26905
2023-03-22,201.89999389648438,207.0,201.1999969482422,202.0500030517578,202.0500030517578,13593
2023-03-23,202.0500030517578,204.0500030517578,193.3000030517578,195.0,195.0,22706
2023-03-24,198.4499969482422,198.4499969482422,178.0,180.14999389648438,180.14999389648438,48879
2023-03-27,184.89999389648438,184.89999389648438,170.0,171.3000030517578,171.3000030517578,59479
2023-03-28,172.8000030517578,183.5,165.89999389648438,180.10000610351562,180.10000610351562,47047
2023-03-29,180.10000610351562,181.6999969482422,174.0,178.0,178.0,42227
2023-03-31,178.5,201.0500030517578,170.9499969482422,176.0500030517578,176.0500030517578,110148
2023-04-03,176.8000030517578,192.64999389648438,176.5,189.35000610351562,189.35000610351562,67044
2023-04-05,191.0,199.0,189.60000610351562,195.14999389648438,195.14999389648438,36711
2023-04-06,194.5,197.85000610351562,191.3000030517578,195.89999389648438,195.89999389648438,17454
2023-04-10,196.0,200.0,192.5,194.9499969482422,194.9499969482422,14223
2023-04-11,195.9499969482422,197.9499969482422,192.5,196.4499969482422,196.4499969482422,5858
2023-04-12,196.4499969482422,196.4499969482422,192.75,193.64999389648438,193.64999389648438,7917
2023-04-13,193.1999969482422,196.0,192.0,192.5,192.5,7969
2023-04-17,198.75,199.0,192.89999389648438,196.5500030517578,196.5500030517578,15982
2023-04-18,198.89999389648438,209.5,195.0500030517578,206.25,206.25,26547
2023-04-19,213.25,219.0,205.0500030517578,212.89999389648438,212.89999389648438,67501
2023-04-20,218.0,218.0,206.39999389648438,208.0500030517578,208.0500030517578,20821
2023-04-21,209.14999389648438,209.60000610351562,204.0,209.0500030517578,209.0500030517578,9501
2023-04-24,210.0,210.0,197.0,198.6999969482422,198.6999969482422,23174
2023-04-25,204.89999389648438,204.89999389648438,198.39999389648438,201.5500030517578,201.5500030517578,9901
2023-04-26,202.0,208.89999389648438,201.0,205.0,205.0,12070
2023-04-27,207.6999969482422,207.6999969482422,203.8000030517578,204.75,204.75,4715
2023-04-28,206.0500030517578,210.35000610351562,201.35000610351562,203.9499969482422,203.9499969482422,12046
2023-05-02,204.10000610351562,212.89999389648438,204.0,209.0,209.0,14365
2023-05-03,209.64999389648438,215.3000030517578,209.64999389648438,213.75,213.75,17204
2023-05-04,214.9499969482422,214.9499969482422,209.64999389648438,211.0500030517578,211.0500030517578,10021
2023-05-05,211.14999389648438,213.9499969482422,203.75,205.6999969482422,205.6999969482422,9951
2023-05-08,206.0,207.6999969482422,204.0,205.60000610351562,205.60000610351562,12988
2023-05-09,194.5500030517578,205.60000610351562,194.5500030517578,201.8000030517578,201.8000030517578,13722
2023-05-10,204.9499969482422,204.9499969482422,200.0,203.5500030517578,203.5500030517578,7196
2023-05-11,207.89999389648438,207.89999389648438,195.5,197.85000610351562,197.85000610351562,37544
2023-05-12,201.0,204.89999389648438,198.0,203.0500030517578,203.0500030517578,11580
2023-05-15,204.85000610351562,204.85000610351562,198.3000030517578,199.10000610351562,199.10000610351562,6545
2023-05-16,199.10000610351562,201.85000610351562,196.3000030517578,197.5,197.5,13086
2023-05-17,199.0500030517578,199.9499969482422,197.5500030517578,199.0,199.0,6164
2023-05-18,199.0,207.0,197.0,202.39999389648438,202.39999389648438,14783
2023-05-19,202.0,202.4499969482422,197.75,199.0500030517578,199.0500030517578,7026
2023-05-22,201.3000030517578,201.3000030517578,193.8000030517578,195.9499969482422,195.9499969482422,14924
2023-05-23,195.0500030517578,199.4499969482422,195.0500030517578,195.75,195.75,7011
2023-05-24,196.14999389648438,199.5,194.0,197.8000030517578,197.8000030517578,16533
2023-05-25,197.5,203.25,196.0,199.64999389648438,199.64999389648438,12756
2023-05-26,200.0,204.5,199.0,200.14999389648438,200.14999389648438,13354
2023-05-29,201.0,203.9499969482422,197.0,202.1999969482422,202.1999969482422,12319
2023-05-30,203.0,221.0,199.0,216.39999389648438,216.39999389648438,63499
2023-05-31,205.0,211.9499969482422,196.0,200.25,200.25,71600
2023-06-01,200.25,204.0,199.0,200.5500030517578,200.5500030517578,18237
2023-06-02,201.0500030517578,203.0,195.5500030517578,197.0500030517578,197.0500030517578,28558
2023-06-05,200.0,201.4499969482422,195.14999389648438,198.39999389648438,198.39999389648438,35242
2023-06-06,198.39999389648438,207.5,195.5,201.60000610351562,201.60000610351562,58260
2023-06-07,201.8000030517578,204.85000610351562,198.10000610351562,202.25,202.25,25083
2023-06-08,202.39999389648438,202.9499969482422,198.14999389648438,199.39999389648438,199.39999389648438,14648
2023-06-09,199.89999389648438,200.9499969482422,196.9499969482422,199.25,199.25,12474
2023-06-12,199.0,205.0,198.0500030517578,202.89999389648438,202.89999389648438,15189
2023-06-13,200.3000030517578,204.25,199.0,200.3000030517578,200.3000030517578,16612
2023-06-14,198.0,205.39999389648438,198.0,203.25,203.25,16009
2023-06-15,205.0,212.89999389648438,202.5500030517578,205.64999389648438,205.64999389648438,48216
2023-06-16,205.6999969482422,218.9499969482422,203.5500030517578,212.14999389648438,212.14999389648438,76198
2023-06-19,217.0,217.0,203.64999389648438,206.0500030517578,206.0500030517578,37396
2023-06-20,204.0500030517578,212.6999969482422,204.0500030517578,209.14999389648438,209.14999389648438,20789
2023-06-21,212.89999389648438,212.89999389648438,204.85000610351562,209.39999389648438,209.39999389648438,32061
2023-06-22,210.0,211.9499969482422,209.6999969482422,210.6999969482422,210.6999969482422,12111
2023-06-23,207.10000610351562,212.60000610351562,207.0500030517578,210.0500030517578,210.0500030517578,14191
2023-06-26,212.0,214.4499969482422,207.89999389648438,212.25,212.25,17472
2023-06-27,213.0,224.0,210.9499969482422,219.8000030517578,219.8000030517578,60300
2023-06-28,221.8000030517578,225.6999969482422,213.0,214.4499969482422,214.4499969482422,28240
2023-06-30,214.9499969482422,216.0,208.0,213.6999969482422,213.6999969482422,20122
2023-07-03,214.9499969482422,215.85000610351562,208.14999389648438,214.39999389648438,214.39999389648438,12637
2023-07-04,216.0,218.5,211.0500030517578,216.5,216.5,13574
2023-07-05,213.10000610351562,220.0,213.10000610351562,218.10000610351562,218.10000610351562,27978
2023-07-06,219.3000030517578,229.6999969482422,219.25,225.10000610351562,225.10000610351562,75600
2023-07-07,224.89999389648438,254.8000030517578,223.60000610351562,242.60000610351562,242.60000610351562,241342
2023-07-10,243.8000030517578,250.39999389648438,242.25,246.39999389648438,246.39999389648438,32089
2023-07-11,248.0,259.0,243.64999389648438,256.75,256.75,120590
2023-07-12,257.1000061035156,295.0,257.1000061035156,289.1000061035156,289.1000061035156,656100
2023-07-13,283.1000061035156,285.8999938964844,271.25,277.6499938964844,277.6499938964844,89549
2023-07-14,278.0,281.3999938964844,265.0,267.25,267.25,73062
2023-07-17,267.25,270.6499938964844,251.5,255.25,255.25,101703
2023-07-18,255.25,257.5,238.39999389648438,241.8000030517578,241.8000030517578,81994
2023-07-19,241.8000030517578,259.70001220703125,241.0,256.54998779296875,256.54998779296875,53301
2023-07-20,256.79998779296875,267.70001220703125,253.0,260.95001220703125,260.95001220703125,40665
2023-07-21,261.95001220703125,262.0,255.25,258.25,258.25,12933
2023-07-24,260.25,260.25,246.5500030517578,250.25,250.25,15025
2023-07-25,250.0,252.3000030517578,245.5500030517578,246.5,246.5,20332
2023-07-26,246.5,259.20001220703125,246.5,257.0,257.0,19796
2023-07-27,257.0,257.0,249.5,249.6999969482422,249.6999969482422,11049
2023-07-28,251.89999389648438,252.75,240.5,245.89999389648438,245.89999389648438,18626
2023-07-31,249.60000610351562,252.1999969482422,240.5,241.5500030517578,241.5500030517578,21998
2023-08-01,243.5,246.0,240.0,244.6999969482422,244.6999969482422,14483
2023-08-02,244.60000610351562,244.64999389648438,236.25,237.4499969482422,237.4499969482422,28343
2023-08-03,236.0,242.0,236.0,240.35000610351562,240.35000610351562,12548
2023-08-04,244.0,244.8000030517578,238.3000030517578,243.35000610351562,243.35000610351562,16578
2023-08-07,244.89999389648438,244.9499969482422,236.35000610351562,239.39999389648438,239.39999389648438,9177
2023-08-08,239.4499969482422,259.3999938964844,238.0,255.0500030517578,255.0500030517578,36701
2023-08-09,256.3500061035156,261.95001220703125,250.0,252.0500030517578,252.0500030517578,22908
2023-08-10,251.0500030517578,252.3000030517578,246.25,249.10000610351562,249.10000610351562,12323
2023-08-11,250.0,254.9499969482422,248.5,250.5,250.5,15254
2023-08-14,250.60000610351562,254.9499969482422,243.0,250.25,250.25,15281
2023-08-16,250.25,250.25,242.0,244.5,244.5,11895
2023-08-17,244.5,247.5,237.64999389648438,238.85000610351562,238.85000610351562,24523
2023-08-18,241.3000030517578,257.0,238.14999389648438,254.0500030517578,254.0500030517578,24202
2023-08-21,256.75,293.3999938964844,254.5500030517578,280.3500061035156,280.3500061035156,180344
2023-08-22,284.0,308.3999938964844,282.0,293.8999938964844,293.8999938964844,178807
2023-08-23,295.3500061035156,308.6000061035156,294.0,297.54998779296875,297.54998779296875,78033
2023-08-24,295.5,299.75,279.6000061035156,284.29998779296875,284.29998779296875,73593
2023-08-25,283.70001220703125,290.0,276.95001220703125,284.95001220703125,284.95001220703125,35228
2023-08-28,285.3999938964844,288.1000061035156,277.1000061035156,280.25,280.25,18487
2023-08-29,282.1000061035156,289.5,278.20001220703125,287.75,287.75,25355
2023-08-30,287.75,287.75,278.04998779296875,280.6000061035156,280.6000061035156,14507
2023-08-31,280.79998779296875,283.6000061035156,272.04998779296875,272.70001220703125,272.70001220703125,22699
2023-09-01,275.29998779296875,282.45001220703125,271.0,278.25,278.25,23473
2023-09-04,280.29998779296875,282.8999938964844,268.0,272.54998779296875,272.54998779296875,53105
2023-09-05,279.70001220703125,279.70001220703125,272.6499938964844,275.6499938964844,275.6499938964844,21699
2023-09-06,274.75,276.25,271.1499938964844,275.29998779296875,275.29998779296875,13585
2023-09-07,276.95001220703125,287.5,275.79998779296875,281.45001220703125,281.45001220703125,34294
2023-09-08,283.79998779296875,290.0,273.95001220703125,285.0,285.0,45318
2023-09-11,285.5,286.8999938964844,269.79998779296875,274.45001220703125,274.45001220703125,54406
2023-09-12,278.5,278.5,256.25,259.95001220703125,259.95001220703125,59905
2023-09-13,259.0,263.6499938964844,252.25,260.3500061035156,260.3500061035156,27585
2023-09-14,259.79998779296875,284.29998779296875,259.79998779296875,271.29998779296875,271.29998779296875,86512
2023-09-15,272.70001220703125,276.70001220703125,264.29998779296875,268.0,268.0,16795
2023-09-18,271.0,273.0,258.0,259.79998779296875,259.79998779296875,21237
2023-09-20,255.35000610351562,268.95001220703125,254.64999389648438,264.6499938964844,264.6499938964844,31141
2023-09-21,266.8999938964844,271.8999938964844,251.89999389648438,255.39999389648438,255.39999389648438,65102
2023-09-22,260.0,286.8999938964844,255.35000610351562,264.04998779296875,264.04998779296875,132984
2023-09-25,264.5,273.54998779296875,260.3999938964844,265.75,265.75,21234
2023-09-26,265.1000061035156,265.79998779296875,260.1000061035156,262.29998779296875,262.29998779296875,8598
2023-09-27,276.95001220703125,276.95001220703125,260.1499938964844,262.8999938964844,262.8999938964844,16332
2023-09-28,263.6499938964844,265.0,259.1000061035156,260.95001220703125,260.95001220703125,12105
2023-09-29,258.04998779296875,264.0,256.3500061035156,261.75,261.75,8821
2023-10-03,258.8999938964844,263.79998779296875,257.3999938964844,261.95001220703125,261.95001220703125,10911
2023-10-04,257.1000061035156,263.25,253.10000610351562,258.0,258.0,18804
2023-10-05,257.1000061035156,260.1000061035156,252.5500030517578,253.85000610351562,253.85000610351562,19602
2023-10-06,252.14999389648438,262.0,251.8000030517578,259.20001220703125,259.20001220703125,13427
2023-10-09,257.0,257.1499938964844,249.1999969482422,252.89999389648438,252.89999389648438,13246
2023-10-10,251.89999389648438,255.0,246.64999389648438,248.64999389648438,248.64999389648438,31732
2023-10-11,253.5,267.0,248.75,266.25,266.25,67315
2023-10-12,267.0,272.29998779296875,259.0,263.70001220703125,263.70001220703125,48399
2023-10-13,258.0,263.3999938964844,257.95001220703125,259.8500061035156,259.8500061035156,30145
2023-10-16,259.75,279.6499938964844,257.0,265.3999938964844,265.3999938964844,73540
2023-10-17,265.6499938964844,270.0,262.0,264.8500061035156,264.8500061035156,23109
2023-10-18,269.95001220703125,279.0,265.5,271.29998779296875,271.29998779296875,131942
2023-10-19,265.0,279.0,263.8999938964844,271.3500061035156,271.3500061035156,70175
2023-10-20,271.75,272.8999938964844,263.0,267.70001220703125,267.70001220703125,19353
2023-10-23,267.0,272.1000061035156,232.85000610351562,250.10000610351562,250.10000610351562,56365
2023-10-25,250.0,253.89999389648438,236.0,238.3000030517578,238.3000030517578,45030
2023-10-26,240.0,250.60000610351562,232.5500030517578,247.75,247.75,27121
2023-10-27,248.6999969482422,253.60000610351562,247.0,249.9499969482422,249.9499969482422,14028
2023-10-30,245.0,254.0,243.10000610351562,245.89999389648438,245.89999389648438,27801
2023-10-31,249.1999969482422,249.1999969482422,240.39999389648438,242.9499969482422,242.9499969482422,19575
2023-11-01,244.10000610351562,247.39999389648438,243.0,245.0500030517578,245.0500030517578,22043
2023-11-02,246.85000610351562,248.64999389648438,241.0500030517578,245.1999969482422,245.1999969482422,11457
2023-11-03,246.89999389648438,248.89999389648438,244.89999389648438,247.85000610351562,247.85000610351562,7560
2023-11-06,253.25,259.95001220703125,250.4499969482422,257.04998779296875,257.04998779296875,62928
2023-11-07,251.35000610351562,261.1000061035156,251.35000610351562,258.95001220703125,258.95001220703125,10873
2023-11-08,259.3999938964844,263.45001220703125,254.1999969482422,257.3500061035156,257.3500061035156,21807
2023-11-09,261.3500061035156,264.0,253.0500030517578,256.3999938964844,256.3999938964844,21369
2023-11-10,254.85000610351562,256.8500061035156,252.3000030517578,253.6999969482422,253.6999969482422,8285
2023-11-13,257.5,272.3500061035156,252.3000030517578,267.5,267.5,44458
2023-11-15,267.5,267.5,243.0500030517578,248.85000610351562,248.85000610351562,104936
2023-11-16,254.25,254.25,248.5500030517578,250.10000610351562,250.10000610351562,45123
2023-11-17,254.64999389648438,254.64999389648438,250.0,251.5,251.5,10295
2023-11-20,251.9499969482422,258.8500061035156,248.5500030517578,253.89999389648438,253.89999389648438,25818
2023-11-21,253.89999389648438,255.85000610351562,250.0,251.14999389648438,251.14999389648438,16691
2023-11-22,251.14999389648438,255.0,238.75,245.0500030517578,245.0500030517578,97968
2023-11-23,248.75,249.85000610351562,243.0,244.3000030517578,244.3000030517578,10536
2023-11-24,247.85000610351562,247.85000610351562,243.8000030517578,245.5500030517578,245.5500030517578,10384
2023-11-28,248.60000610351562,253.9499969482422,246.0,247.5500030517578,247.5500030517578,36495
2023-11-29,248.8000030517578,256.0,248.8000030517578,253.6999969482422,253.6999969482422,31189
2023-11-30,253.6999969482422,254.0,249.0,251.0,251.0,14992
2023-12-01,252.10000610351562,254.60000610351562,248.39999389648438,249.75,249.75,26557
2023-12-04,251.10000610351562,253.25,245.5500030517578,247.9499969482422,247.9499969482422,29511
2023-12-05,249.0,252.75,247.3000030517578,250.5500030517578,250.5500030517578,24483
2023-12-06,251.85000610351562,253.14999389648438,249.3000030517578,251.5500030517578,251.5500030517578,18137
2023-12-07,252.0,262.79998779296875,252.0,257.1000061035156,257.1000061035156,58756
2023-12-08,258.95001220703125,263.6499938964844,252.60000610351562,255.6999969482422,255.6999969482422,26227
2023-12-11,255.6999969482422,271.75,255.6999969482422,266.70001220703125,266.70001220703125,95649
2023-12-12,269.8999938964844,272.8999938964844,267.1000061035156,269.20001220703125,269.20001220703125,54329
2023-12-13,265.0,276.45001220703125,265.0,272.6499938964844,272.6499938964844,43784
2023-12-14,275.95001220703125,275.95001220703125,266.6499938964844,268.0,268.0,32522
2023-12-15,263.0,281.5,263.0,276.54998779296875,276.54998779296875,76518
2023-12-18,277.6000061035156,279.45001220703125,271.29998779296875,274.6499938964844,274.6499938964844,27218
2023-12-19,278.95001220703125,282.0,271.04998779296875,278.54998779296875,278.54998779296875,34890
2023-12-20,278.54998779296875,282.95001220703125,257.6000061035156,260.1000061035156,260.1000061035156,66277
2023-12-21,260.1000061035156,268.3999938964844,259.0,263.75,263.75,22893
2023-12-22,267.95001220703125,269.0,261.54998779296875,263.6499938964844,263.6499938964844,9469
2023-12-26,266.0,269.8999938964844,262.1000061035156,267.95001220703125,267.95001220703125,20324
2023-12-27,265.6000061035156,272.95001220703125,263.6499938964844,264.70001220703125,264.70001220703125,11824
2023-12-28,264.70001220703125,269.0,258.0,259.3500061035156,259.3500061035156,20643
2023-12-29,260.75,264.0,258.0,261.1499938964844,261.1499938964844,13274
2024-01-01,261.1499938964844,287.0,261.1499938964844,281.79998779296875,281.79998779296875,139861
2024-01-02,284.6499938964844,290.6499938964844,275.3999938964844,281.8999938964844,281.8999938964844,57783
2024-01-03,277.3999938964844,297.0,275.54998779296875,293.70001220703125,293.70001220703125,129427
2024-01-04,299.0,329.3999938964844,293.1499938964844,320.0,320.0,546042
2024-01-05,321.6000061035156,337.75,304.6499938964844,314.04998779296875,314.04998779296875,254236
2024-01-08,327.0,334.45001220703125,317.1499938964844,326.70001220703125,326.70001220703125,119621
2024-01-09,329.0,331.6000061035156,313.79998779296875,315.70001220703125,315.70001220703125,51324
2024-01-10,319.8500061035156,330.79998779296875,317.79998779296875,325.3999938964844,325.3999938964844,160186
2024-01-11,328.04998779296875,334.79998779296875,321.25,331.04998779296875,331.04998779296875,82028
2024-01-12,333.8500061035156,354.1499938964844,326.8500061035156,335.3500061035156,335.3500061035156,328553
2024-01-15,335.3500061035156,335.3500061035156,335.3500061035156,335.3500061035156,335.3500061035156,0
2024-01-16,330.95001220703125,331.95001220703125,315.6000061035156,321.70001220703125,321.70001220703125,51798
2024-01-17,318.6000061035156,330.8500061035156,316.3500061035156,318.8999938964844,318.8999938964844,61036
2024-01-18,318.8999938964844,322.0,305.0,312.3500061035156,312.3500061035156,35601
2024-01-19,314.20001220703125,326.20001220703125,313.6000061035156,320.3500061035156,320.3500061035156,26516
2024-01-23,303.54998779296875,315.70001220703125,292.75,303.29998779296875,303.29998779296875,62548
2024-01-24,297.1499938964844,306.3999938964844,294.0,296.95001220703125,296.95001220703125,29498
2024-01-25,297.0,304.45001220703125,297.0,299.04998779296875,299.04998779296875,14965
2024-01-29,294.0,316.54998779296875,294.0,297.5,297.5,34962
2024-01-30,297.5,305.0,296.25,297.8999938964844,297.8999938964844,15701
2024-01-31,303.8500061035156,312.70001220703125,297.0,303.04998779296875,303.04998779296875,42551
2024-02-01,307.8999938964844,328.20001220703125,304.45001220703125,318.6000061035156,318.6000061035156,113932
2024-02-02,328.79998779296875,328.79998779296875,316.0,319.3999938964844,319.3999938964844,40409
2024-02-05,322.0,322.5,305.54998779296875,311.54998779296875,311.54998779296875,25399
2024-02-06,311.54998779296875,314.45001220703125,301.3500061035156,308.29998779296875,308.29998779296875,32931
2024-02-07,310.25,313.45001220703125,302.20001220703125,306.3999938964844,306.3999938964844,19721
2024-02-08,301.0,311.0,292.79998779296875,302.95001220703125,302.95001220703125,43869
2024-02-09,313.0,313.0,293.0,295.95001220703125,295.95001220703125,26575
2024-02-12,286.04998779296875,303.8500061035156,281.79998779296875,284.1499938964844,284.1499938964844,28334
2024-02-13,298.79998779296875,298.79998779296875,264.04998779296875,276.1000061035156,276.1000061035156,39416
2024-02-14,271.0,281.0,271.0,275.70001220703125,275.70001220703125,24492
2024-02-15,279.8999938964844,295.0,278.6000061035156,291.8999938964844,291.8999938964844,27540
2024-02-16,297.95001220703125,297.95001220703125,288.6000061035156,290.75,290.75,19565
2024-02-19,292.0,309.45001220703125,292.0,300.95001220703125,300.95001220703125,74481
2024-02-20,304.04998779296875,305.70001220703125,293.04998779296875,294.20001220703125,294.20001220703125,17441
2024-02-21,299.3999938964844,304.3999938964844,294.3999938964844,296.8500061035156,296.8500061035156,21181
2024-02-22,297.1499938964844,300.0,292.29998779296875,294.95001220703125,294.95001220703125,30129
2024-02-23,296.45001220703125,304.0,292.29998779296875,293.5,293.5,42835
2024-02-26,299.0,299.0,287.29998779296875,294.6499938964844,294.6499938964844,26460
2024-02-27,298.0,298.0,288.0,289.5,289.5,34879
2024-02-28,290.0,294.29998779296875,285.0,286.1499938964844,286.1499938964844,36992
2024-02-29,288.54998779296875,290.0,280.1499938964844,282.04998779296875,282.04998779296875,28620
2024-03-01,289.79998779296875,294.8999938964844,285.0,286.1000061035156,286.1000061035156,30731
2024-03-04,297.8500061035156,302.70001220703125,288.04998779296875,293.25,293.25,20424
2024-03-05,290.1000061035156,298.70001220703125,286.0,288.1000061035156,288.1000061035156,21963
2024-03-06,292.8999938964844,292.8999938964844,271.6000061035156,278.3500061035156,278.3500061035156,35326
2024-03-07,278.45001220703125,288.3999938964844,275.6000061035156,284.29998779296875,284.29998779296875,29685
2024-03-11,278.5,283.95001220703125,265.0,270.8999938964844,270.8999938964844,48083
2024-03-12,270.8999938964844,270.8999938964844,257.04998779296875,258.3999938964844,258.3999938964844,53614
2024-03-13,260.0,262.95001220703125,233.0,243.5500030517578,243.5500030517578,95944
2024-03-14,246.9499969482422,257.95001220703125,235.3000030517578,246.5500030517578,246.5500030517578,55001
2024-03-18,243.9499969482422,248.89999389648438,232.10000610351562,242.6999969482422,242.6999969482422,56689
2024-03-19,240.6999969482422,248.5,239.5,245.64999389648438,245.64999389648438,21528
2024-03-20,240.4499969482422,247.4499969482422,238.0500030517578,243.3000030517578,243.3000030517578,15815
2024-03-21,247.64999389648438,253.64999389648438,241.5,249.3000030517578,249.3000030517578,18509
2024-03-22,249.9499969482422,255.0,247.0,249.1999969482422,249.1999969482422,14312
2024-03-26,248.9499969482422,253.10000610351562,242.75,246.1999969482422,246.1999969482422,31072
2024-03-27,245.0,247.3000030517578,238.60000610351562,240.5,240.5,38908
2024-03-28,237.0,248.6999969482422,237.0,237.9499969482422,237.9499969482422,51331
2024-04-01,246.8000030517578,250.6999969482422,241.5500030517578,248.89999389648438,248.89999389648438,18061
2024-04-02,251.64999389648438,256.79998779296875,247.10000610351562,251.10000610351562,251.10000610351562,22767
2024-04-03,252.6999969482422,253.9499969482422,242.8000030517578,244.6999969482422,244.6999969482422,52813
2024-04-04,245.1999969482422,251.8000030517578,241.60000610351562,244.25,244.25,31977
2024-04-05,248.9499969482422,259.79998779296875,247.6999969482422,256.75,256.75,52124
2024-04-08,258.6000061035156,263.45001220703125,250.1999969482422,257.6499938964844,257.6499938964844,34098
2024-04-09,259.8500061035156,260.95001220703125,251.9499969482422,254.0,254.0,10976
2024-04-10,253.85000610351562,259.0,252.3000030517578,254.8000030517578,254.8000030517578,25622
2024-04-12,253.0500030517578,257.0,248.0500030517578,250.5500030517578,250.5500030517578,13010
2024-04-15,245.0,252.5500030517578,240.5500030517578,249.5,249.5,22275
2024-04-16,247.5,257.3500061035156,242.5,256.3500061035156,256.3500061035156,44336
2024-04-18,268.29998779296875,268.29998779296875,251.60000610351562,253.5,253.5,20707
2024-04-19,245.10000610351562,257.0,245.10000610351562,251.8000030517578,251.8000030517578,14809
2024-04-22,254.0500030517578,254.6999969482422,240.25,246.25,246.25,39394
2024-04-23,248.14999389648438,259.0,247.5,252.39999389648438,252.39999389648438,27314
2024-04-24,252.5500030517578,255.39999389648438,250.0,250.64999389648438,250.64999389648438,15587
2024-04-25,253.89999389648438,262.1499938964844,251.0,258.1499938964844,258.1499938964844,25351
2024-04-26,255.5,260.45001220703125,252.60000610351562,258.25,258.25,7000
2024-04-29,258.29998779296875,260.79998779296875,252.0500030517578,253.4499969482422,253.4499969482422,17075
2024-04-30,254.14999389648438,258.54998779296875,250.0,251.39999389648438,251.39999389648438,21600
2024-05-02,254.0,259.0,249.39999389648438,253.5500030517578,253.5500030517578,131016
2024-05-03,252.8000030517578,257.8999938964844,252.0500030517578,254.4499969482422,254.4499969482422,21736
2024-05-06,252.60000610351562,253.14999389648438,241.0,243.0500030517578,243.0500030517578,38763
2024-05-07,244.60000610351562,244.6999969482422,239.0,241.9499969482422,241.9499969482422,20397
2024-05-08,245.3000030517578,246.0,240.1999969482422,244.35000610351562,244.35000610351562,9204
2024-05-09,246.8000030517578,246.8000030517578,235.25,237.0500030517578,237.0500030517578,14304
2024-05-10,241.75,241.75,236.3000030517578,240.0,240.0,13387
2024-05-13,243.60000610351562,243.60000610351562,235.60000610351562,241.6999969482422,241.6999969482422,30233
2024-05-14,241.9499969482422,245.0,239.0500030517578,240.39999389648438,240.39999389648438,22114
2024-05-15,237.39999389648438,247.25,237.39999389648438,242.5,242.5,36741
2024-05-16,241.89999389648438,243.9499969482422,240.39999389648438,241.89999389648438,241.89999389648438,8259
2024-05-17,242.3000030517578,249.0500030517578,240.5500030517578,246.35000610351562,246.35000610351562,37015
2024-05-21,244.75,249.35000610351562,230.5,236.9499969482422,236.9499969482422,49894
2024-05-22,239.89999389648438,240.0,232.8000030517578,236.5500030517578,236.5500030517578,26542
2024-05-23,238.0500030517578,242.4499969482422,233.1999969482422,240.3000030517578,240.3000030517578,22175
2024-05-24,237.0500030517578,242.89999389648438,236.3000030517578,239.0,239.0,23634
2024-05-27,245.0,245.14999389648438,235.1999969482422,238.0500030517578,238.0500030517578,29669
2024-05-28,230.0,235.1999969482422,218.35000610351562,225.14999389648438,225.14999389648438,73906
2024-05-29,223.4499969482422,225.0,218.85000610351562,223.25,223.25,26032
2024-05-30,227.64999389648438,227.64999389648438,218.0,219.75,219.75,13277
2024-05-31,224.0500030517578,228.8000030517578,220.4499969482422,224.14999389648438,224.14999389648438,5774
2024-06-03,230.0,230.0,223.0500030517578,224.75,224.75,15142
2024-06-04,226.5500030517578,226.5500030517578,208.5,216.60000610351562,216.60000610351562,27557
2024-06-05,216.60000610351562,220.0,213.35000610351562,219.4499969482422,219.4499969482422,8954
2024-06-06,223.75,224.89999389648438,218.39999389648438,219.5500030517578,219.5500030517578,66258
2024-06-07,221.60000610351562,231.39999389648438,221.0,225.75,225.75,154924
2024-06-10,229.89999389648438,247.0,228.1999969482422,241.33999633789062,241.33999633789062,258992
2024-06-11,243.0,249.25,234.57000732421875,234.64999389648438,234.64999389648438,70855
