Date,Open,High,Low,Close,Adj Close,Volume
2017-12-01,120.0,126.0,120.0,122.0,119.0641098022461,2087000
2017-12-04,122.0,123.94999694824219,119.9000015258789,121.55000305175781,118.62494659423828,410000
2017-12-05,121.25,122.05000305175781,121.0,121.0,118.08818054199219,204000
2017-12-06,121.0,121.94999694824219,120.9000015258789,121.0,118.08818054199219,173000
2017-12-07,122.0999984741211,122.0999984741211,121.0,121.0,118.08818054199219,72000
2017-12-08,122.19999694824219,122.19999694824219,121.0,121.0999984741211,118.18578338623047,64000
2017-12-11,121.5,122.0,121.0,121.5,118.5761489868164,58000
2017-12-12,121.0,121.69999694824219,121.0,121.0999984741211,118.18578338623047,46000
2017-12-13,121.05000305175781,121.5999984741211,121.05000305175781,121.0999984741211,118.18578338623047,38000
2017-12-14,121.19999694824219,121.5999984741211,121.05000305175781,121.4000015258789,118.47856140136719,25000
2017-12-15,122.0,123.0,121.5,122.9000015258789,119.94245910644531,76000
2017-12-18,121.5,128.0,121.0,126.6500015258789,123.60221862792969,117000
2017-12-19,127.5,140.25,127.5,133.85000610351562,130.62893676757812,277000
2017-12-20,136.89999389648438,136.89999389648438,131.10000610351562,131.8000030517578,128.62828063964844,82000
2017-12-21,130.10000610351562,130.10000610351562,128.0,129.60000610351562,126.4812240600586,49000
2017-12-22,130.0,132.0,129.0,129.35000610351562,126.23725128173828,100000
2017-12-26,129.0,129.0,125.30000305175781,126.80000305175781,123.74861907958984,81000
2017-12-27,127.0999984741211,130.0,127.0,129.6999969482422,126.57881927490234,108000
2017-12-28,129.89999389648438,129.89999389648438,127.69999694824219,128.25,125.16371154785156,36000
2017-12-29,128.0,130.0,126.0999984741211,127.4000015258789,124.33417510986328,38000
2018-01-01,130.0,131.0,127.6500015258789,127.6500015258789,124.57816314697266,17000
2018-01-02,127.6500015258789,128.3000030517578,126.0,126.0,122.96786499023438,24000
2018-01-03,126.0,128.0,125.80000305175781,126.3499984741211,123.30944061279297,39000
2018-01-04,125.55000305175781,128.0,125.55000305175781,127.30000305175781,124.23657989501953,24000
2018-01-05,128.0,129.9499969482422,127.5,128.39999389648438,125.31009674072266,19000
2018-01-08,129.9499969482422,130.0,127.25,127.55000305175781,124.48056030273438,23000
2018-01-09,127.0,128.0,126.5,127.0,123.94380187988281,19000
2018-01-10,128.0,129.0,126.75,127.3499984741211,124.28536987304688,25000
2018-01-11,126.5,127.4000015258789,126.0,126.5,123.45582580566406,7000
2018-01-12,129.0,129.0,126.0,127.0,123.94380187988281,25000
2018-01-15,126.19999694824219,127.75,126.19999694824219,127.6500015258789,124.57816314697266,18000
2018-01-16,126.0,126.0,125.0,125.0,121.9919204711914,102000
2018-01-17,125.0,126.25,125.0,125.25,122.23590850830078,16000
2018-01-18,126.0,126.0,125.0,125.0,121.9919204711914,63000
2018-01-19,124.0,125.25,123.5,125.0999984741211,122.08953094482422,11000
2018-01-22,124.0,126.0,123.0,124.0,121.0159912109375,32000
2018-01-23,126.0,126.0,125.0999984741211,125.5,122.47989654541016,14000
2018-01-24,123.75,125.0,123.55000305175781,124.9000015258789,121.89433288574219,28000
2018-01-25,124.5,124.5,123.4000015258789,123.4000015258789,120.43043518066406,18000
2018-01-29,124.69999694824219,124.9000015258789,124.0,124.0,121.0159912109375,6000
2018-01-30,124.0,124.0,121.0999984741211,122.94999694824219,119.99125671386719,48000
2018-01-31,122.0,122.5,122.0,122.0,119.0641098022461,41000
2018-02-01,125.80000305175781,125.80000305175781,122.19999694824219,124.25,121.2599868774414,4000
2018-02-02,121.0,124.94999694824219,121.0,122.05000305175781,119.11293029785156,56000
2018-02-05,121.0,122.0999984741211,121.0,121.0,118.08818054199219,70000
2018-02-06,120.0,121.5,120.0,121.0,118.08818054199219,35000
2018-02-07,121.5,121.5,121.0,121.05000305175781,118.1369857788086,29000
2018-02-08,121.0,122.0,121.0,122.0,119.0641098022461,8000
2018-02-09,121.19999694824219,121.4000015258789,121.0,121.4000015258789,118.47856140136719,6000
2018-02-12,121.5,122.0,121.0999984741211,121.0999984741211,118.18578338623047,16000
2018-02-14,121.5,122.0,121.0,121.0999984741211,118.18578338623047,5000
2018-02-15,121.0,121.05000305175781,121.0,121.05000305175781,118.1369857788086,31000
2018-02-16,121.05000305175781,121.05000305175781,121.05000305175781,121.05000305175781,118.1369857788086,0
2018-02-19,121.75,122.0,121.0,121.05000305175781,118.1369857788086,23000
2018-02-20,121.0,121.0,121.0,121.0,118.08818054199219,4000
2018-02-21,121.0,121.05000305175781,121.0,121.0,118.08818054199219,24000
2018-02-22,121.05000305175781,121.05000305175781,121.0,121.0,118.08818054199219,2000
2018-02-23,121.0,121.5,121.0,121.5,118.5761489868164,26000
2018-02-26,121.05000305175781,121.05000305175781,121.05000305175781,121.05000305175781,118.1369857788086,1000
2018-02-27,121.0,121.05000305175781,121.0,121.05000305175781,118.1369857788086,29000
2018-02-28,121.5,121.5,121.0,121.0,118.08818054199219,3000
2018-03-01,121.0,121.05000305175781,121.0,121.05000305175781,118.1369857788086,21000
2018-03-05,121.0,121.25,121.0,121.0,118.08818054199219,38000
2018-03-06,121.5,122.0,121.0,122.0,119.0641098022461,26000
2018-03-07,121.0,121.0999984741211,121.0,121.05000305175781,118.1369857788086,43000
2018-03-08,121.05000305175781,121.5,121.05000305175781,121.05000305175781,118.1369857788086,14000
2018-03-09,121.5,121.5,121.0,121.0,118.08818054199219,3000
2018-03-12,121.0,121.8499984741211,121.0,121.0,118.08818054199219,55000
2018-03-13,121.80000305175781,121.8499984741211,121.0,121.0,118.08818054199219,55000
2018-03-14,121.0,122.25,121.0,121.0,118.08818054199219,61000
2018-03-15,121.5,121.5,121.0,121.25,118.3321762084961,65000
2018-03-16,121.05000305175781,121.75,121.0,121.4000015258789,118.47856140136719,73000
2018-03-19,121.0,121.0,121.0,121.0,118.08818054199219,68000
2018-03-20,121.0,121.5,121.0,121.0,118.08818054199219,154000
2018-03-21,122.5,122.5,121.0,121.0,118.08818054199219,53000
2018-03-22,121.0,121.5,121.0,121.0,118.08818054199219,12000
2018-03-23,121.0,121.44999694824219,121.0,121.0999984741211,118.18578338623047,155000
2018-03-26,121.05000305175781,121.05000305175781,121.0,121.0,118.08818054199219,90000
2018-03-27,121.5,121.5,121.0,121.0,118.08818054199219,21000
2018-03-28,121.0,121.05000305175781,121.0,121.05000305175781,118.1369857788086,49000
2018-04-02,122.0,122.0,121.5,121.5,118.5761489868164,9000
2018-04-03,122.5,122.5,122.0,122.0,119.0641098022461,2000
2018-04-04,121.5,121.5,121.0,121.0,118.08818054199219,16000
2018-04-05,121.5,121.5,121.5,121.5,118.5761489868164,9000
2018-04-06,122.0,124.80000305175781,122.0,123.80000305175781,120.82081604003906,10000
2018-04-09,127.25,127.69999694824219,123.75,124.3499984741211,121.3575668334961,17000
2018-04-10,124.5,125.0,122.0,122.25,119.30809783935547,25000
2018-04-11,122.05000305175781,123.0,122.05000305175781,123.0,120.04005432128906,11000
2018-04-12,122.55000305175781,125.0,122.55000305175781,124.94999694824219,121.94313049316406,57000
2018-04-13,124.0,124.9000015258789,124.0,124.30000305175781,121.30876922607422,38000
2018-04-16,123.0,125.0,123.0,124.4000015258789,121.4063720703125,6000
2018-04-17,125.0,125.0,125.0,125.0,121.9919204711914,5000
2018-04-18,126.0,127.94999694824219,125.25,126.0,122.96786499023438,13000
2018-04-19,124.5,126.5,124.0,126.5,123.45582580566406,3000
2018-04-20,127.9000015258789,127.9000015258789,126.5,127.0,123.94380187988281,4000
2018-04-23,125.1500015258789,125.1500015258789,125.0,125.0,121.9919204711914,4000
2018-04-24,126.75,126.75,124.0,124.0,121.0159912109375,4000
2018-04-25,124.05000305175781,124.05000305175781,124.05000305175781,124.05000305175781,121.06478118896484,40000
2018-04-26,124.25,124.25,124.25,124.25,121.2599868774414,1000
2018-04-27,124.0,124.0,124.0,124.0,121.0159912109375,8000
2018-04-30,127.9000015258789,127.9000015258789,123.0,125.0,121.9919204711914,15000
2018-05-02,125.0,127.94999694824219,125.0,125.25,122.23590850830078,10000
2018-05-03,125.25,125.25,125.25,125.25,122.23590850830078,0
2018-05-04,123.05000305175781,124.69999694824219,123.05000305175781,123.8499984741211,120.86959075927734,4000
2018-05-07,124.5,124.5,124.5,124.5,121.50395965576172,1000
2018-05-08,124.0,124.0,123.0,123.0,120.04005432128906,11000
2018-05-09,123.0,124.75,123.0,123.0,120.04005432128906,25000
2018-05-10,125.9000015258789,125.9000015258789,123.0,123.0,120.04005432128906,14000
2018-05-11,123.0,123.0,121.0,121.0,118.08818054199219,23000
2018-05-14,121.0,121.0,121.0,121.0,118.08818054199219,2000
2018-05-15,121.0,124.75,121.0,121.30000305175781,118.38096618652344,7000
2018-05-16,122.0,122.0,122.0,122.0,119.0641098022461,1000
2018-05-17,121.0,123.75,121.0,123.0,120.04005432128906,22000
2018-05-18,121.0999984741211,121.0999984741211,121.0999984741211,121.0999984741211,118.18578338623047,1000
2018-05-21,121.0,123.0999984741211,121.0,121.0,118.08818054199219,20000
2018-05-22,121.0,121.0999984741211,121.0,121.0,118.08818054199219,29000
2018-05-23,121.05000305175781,121.05000305175781,121.0,121.0,118.08818054199219,12000
2018-05-24,121.0,123.5,121.0,121.9000015258789,118.96653747558594,8000
2018-05-25,121.25,123.44999694824219,121.05000305175781,122.05000305175781,119.11293029785156,7000
2018-05-28,124.9000015258789,124.9000015258789,121.5,121.5,118.5761489868164,4000
2018-05-29,121.19999694824219,123.0,121.19999694824219,123.0,120.04005432128906,7000
2018-05-30,123.5,123.5,123.0,123.5,120.52802276611328,3000
2018-05-31,123.5,123.5,123.0,123.0,120.04005432128906,4000
2018-06-01,123.5,123.5,121.5,123.44999694824219,120.4792251586914,124000
2018-06-04,123.0,123.0,121.0,121.05000305175781,118.1369857788086,132000
2018-06-05,121.0,122.0,121.0,121.0,118.08818054199219,79000
2018-06-06,121.0,122.0,121.0,121.0999984741211,118.18578338623047,78000
2018-06-07,121.0,121.4000015258789,121.0,121.25,118.3321762084961,63000
2018-06-08,121.5,121.5,121.0,121.05000305175781,118.1369857788086,94000
2018-06-11,122.0,122.0,121.0,121.25,118.3321762084961,60000
2018-06-12,121.05000305175781,121.5,121.0,121.05000305175781,118.1369857788086,37000
2018-06-13,121.5,121.8499984741211,121.0,121.25,118.3321762084961,18000
2018-06-14,121.0,122.0,121.0,121.5,118.5761489868164,51000
2018-06-15,122.0,123.0,121.5,121.5,118.5761489868164,5000
2018-06-18,121.5999984741211,122.0,121.0,121.05000305175781,118.1369857788086,12000
2018-06-19,121.25,122.5,121.05000305175781,121.3499984741211,118.42975616455078,11000
2018-06-20,121.25,121.25,121.05000305175781,121.05000305175781,118.1369857788086,3000
2018-06-21,121.0,121.5,121.0,121.0,118.08818054199219,30000
2018-06-22,121.0,121.25,121.0,121.0,118.08818054199219,5000
2018-06-25,121.05000305175781,121.25,121.0,121.05000305175781,118.1369857788086,43000
2018-06-26,121.25,121.25,121.0,121.05000305175781,118.1369857788086,66000
2018-06-27,121.4000015258789,121.4000015258789,121.0,121.0,118.08818054199219,16000
2018-06-28,121.0,122.0,121.0,121.05000305175781,118.1369857788086,43000
2018-06-29,121.0,121.0,121.0,121.0,118.08818054199219,6000
2018-07-02,121.0,121.0999984741211,121.0,121.0999984741211,118.18578338623047,52000
2018-07-03,121.05000305175781,121.05000305175781,121.05000305175781,121.05000305175781,118.1369857788086,1000
2018-07-04,122.0999984741211,122.0999984741211,122.0999984741211,122.0999984741211,119.16171264648438,1000
2018-07-05,122.0,122.0,121.0,121.0,118.08818054199219,28000
2018-07-06,121.0,121.0,121.0,121.0,118.08818054199219,9000
2018-07-09,121.30000305175781,121.69999694824219,121.30000305175781,121.5,118.5761489868164,5000
2018-07-10,121.0,121.05000305175781,121.0,121.05000305175781,118.1369857788086,13000
2018-07-11,121.0,121.0,121.0,121.0,118.08818054199219,1000
2018-07-12,121.05000305175781,121.05000305175781,121.05000305175781,121.05000305175781,118.1369857788086,50000
2018-07-13,121.0,121.0,121.0,121.0,118.08818054199219,9000
2018-07-16,121.0,121.0,121.0,121.0,118.08818054199219,1000
2018-07-17,123.0,123.0,123.0,123.0,120.04005432128906,1000
2018-07-18,121.0,121.0,121.0,121.0,118.08818054199219,2000
2018-07-19,124.0,124.0,121.0,121.0,118.08818054199219,4000
2018-07-20,121.0,121.0,121.0,121.0,118.08818054199219,0
2018-07-23,121.0,124.0,121.0,121.75,118.82013702392578,6000
2018-07-24,126.0,126.0,121.0999984741211,122.0,119.0641098022461,35000
2018-07-25,122.0,122.0,122.0,122.0,119.0641098022461,0
2018-07-26,124.69999694824219,124.69999694824219,121.0,122.0,119.0641098022461,70000
2018-07-27,124.0,129.0,124.0,129.0,125.89566040039062,2000
2018-07-30,129.0,129.0,129.0,129.0,125.89566040039062,0
2018-07-31,129.0,129.0,129.0,129.0,125.89566040039062,0
2018-08-01,129.0,129.0,129.0,129.0,125.89566040039062,0
2018-08-02,129.0,129.0,129.0,129.0,125.89566040039062,0
2018-08-03,127.0,148.0,121.0,122.94999694824219,119.99125671386719,38000
2018-08-06,128.0,131.10000610351562,125.0,125.0,121.9919204711914,3000
2018-08-07,126.44999694824219,126.44999694824219,124.0999984741211,124.0999984741211,121.11358642578125,5000
2018-08-08,124.0999984741211,124.0999984741211,121.19999694824219,121.19999694824219,118.28337097167969,6000
2018-08-09,124.9000015258789,124.9000015258789,121.0,121.0,118.08818054199219,6000
2018-08-10,121.0,121.0,121.0,121.0,118.08818054199219,2000
2018-08-13,121.0,121.0,121.0,121.0,118.08818054199219,1000
2018-08-14,130.0,130.0,122.0,122.0,119.0641098022461,3000
2018-08-16,122.0,122.0,122.0,122.0,119.0641098022461,6000
2018-08-17,122.0,122.0,122.0,122.0,119.0641098022461,0
2018-08-20,121.05000305175781,121.05000305175781,121.05000305175781,121.05000305175781,118.6231460571289,1000
2018-08-21,121.0,121.5,121.0,121.5,119.06411743164062,23000
2018-08-23,121.5,121.5,121.5,121.5,119.06411743164062,42000
2018-08-24,121.5,121.5,121.5,121.5,119.06411743164062,0
2018-08-27,121.5,121.5,121.5,121.5,119.06411743164062,1000
2018-08-28,121.0,122.5,121.0,121.0,118.57414245605469,13000
2018-08-29,123.0,125.5,121.0,122.8499984741211,120.38705444335938,6000
2018-08-30,122.8499984741211,122.8499984741211,122.8499984741211,122.8499984741211,120.38705444335938,0
2018-08-31,129.89999389648438,129.89999389648438,121.9000015258789,125.75,123.22891235351562,5000
2018-09-03,121.30000305175781,126.80000305175781,121.30000305175781,124.44999694824219,121.95497131347656,6000
2018-09-04,123.0,123.0,123.0,123.0,120.53404235839844,1000
2018-09-05,125.75,125.9000015258789,121.05000305175781,124.0,121.51399993896484,7000
2018-09-06,124.0,124.0,124.0,124.0,121.51399993896484,0
2018-09-07,121.25,121.25,121.25,121.25,118.81913757324219,1000
2018-09-10,122.5,122.5,122.5,122.5,120.04407501220703,40000
2018-09-11,121.0,121.0,121.0,121.0,118.57414245605469,1000
2018-09-12,121.0,122.5,121.0,121.75,119.30909729003906,2000
2018-09-14,123.0,123.0,122.0,122.0,119.55408477783203,2000
2018-09-17,122.0,122.0,122.0,122.0,119.55408477783203,0
2018-09-18,123.0,126.0,123.0,125.0,122.49394989013672,4000
2018-09-19,131.0,131.0,124.0,124.0,121.51399993896484,2000
2018-09-21,123.0,126.25,121.0,123.5999984741211,121.12201690673828,10000
2018-09-24,123.5999984741211,123.5999984741211,123.5999984741211,123.5999984741211,121.12201690673828,0
2018-09-25,121.5999984741211,122.75,121.0999984741211,121.9000015258789,119.45610046386719,3000
2018-09-26,124.5,129.5,123.0,124.9000015258789,122.39595794677734,13000
2018-09-27,123.05000305175781,126.9000015258789,121.0999984741211,124.30000305175781,121.80799102783203,12000
2018-09-28,122.25,127.4000015258789,121.0,121.8499984741211,119.4071044921875,20000
2018-10-01,121.0,122.0999984741211,121.0,122.0999984741211,119.65209197998047,11000
2018-10-03,126.80000305175781,126.80000305175781,121.0,121.0,118.57414245605469,7000
2018-10-04,121.05000305175781,121.05000305175781,121.0,121.0,118.57414245605469,6000
2018-10-05,121.05000305175781,121.05000305175781,121.0,121.0,118.57414245605469,12000
2018-10-08,121.05000305175781,121.25,121.0,121.05000305175781,118.6231460571289,29000
2018-10-09,121.0,121.0,121.0,121.0,118.57414245605469,5000
2018-10-10,121.0,121.0,121.0,121.0,118.57414245605469,5000
2018-10-11,121.0,121.0,121.0,121.0,118.57414245605469,19000
2018-10-12,121.0,123.9000015258789,121.0,123.9000015258789,121.41600036621094,16000
2018-10-15,123.9000015258789,123.9000015258789,123.9000015258789,123.9000015258789,121.41600036621094,0
2018-10-16,126.80000305175781,126.80000305175781,122.0,122.0,119.55408477783203,3000
2018-10-17,121.05000305175781,121.05000305175781,121.05000305175781,121.05000305175781,118.6231460571289,10000
2018-10-19,121.05000305175781,121.05000305175781,121.05000305175781,121.05000305175781,118.6231460571289,0
2018-10-22,121.05000305175781,121.05000305175781,121.0,121.0,118.57414245605469,27000
2018-10-23,121.05000305175781,121.05000305175781,121.0,121.0,118.57414245605469,6000
2018-10-24,121.05000305175781,121.25,121.0,121.0,118.57414245605469,52000
2018-10-25,121.0,121.05000305175781,121.0,121.05000305175781,118.6231460571289,2000
2018-10-26,121.0,121.05000305175781,121.0,121.0,118.57414245605469,52000
2018-10-29,127.19999694824219,127.19999694824219,121.0,121.0,118.57414245605469,25000
2018-10-30,121.0,121.0,121.0,121.0,118.57414245605469,3000
2018-10-31,121.0999984741211,121.0999984741211,121.05000305175781,121.05000305175781,118.6231460571289,17000
2018-11-01,121.05000305175781,121.05000305175781,121.05000305175781,121.05000305175781,118.6231460571289,0
2018-11-02,121.05000305175781,121.05000305175781,121.05000305175781,121.05000305175781,118.6231460571289,0
2018-11-05,121.05000305175781,121.05000305175781,121.05000305175781,121.05000305175781,118.6231460571289,0
2018-11-06,121.25,121.25,121.25,121.25,118.81913757324219,5000
2018-11-07,121.25,121.25,121.25,121.25,118.81913757324219,0
2018-11-09,121.25,121.25,121.25,121.25,118.81913757324219,0
2018-11-12,121.25,121.25,121.25,121.25,118.81913757324219,0
2018-11-13,121.05000305175781,121.05000305175781,121.05000305175781,121.05000305175781,118.6231460571289,2000
2018-11-14,121.05000305175781,121.05000305175781,121.0,121.0,118.57414245605469,10000
2018-11-15,121.0,121.0,121.0,121.0,118.57414245605469,0
2018-11-16,124.0,124.5,123.5,123.94999694824219,121.46499633789062,40000
2018-11-19,124.05000305175781,124.05000305175781,124.0,124.0,121.51399993896484,41000
2018-11-20,124.0,124.05000305175781,124.0,124.05000305175781,121.5630111694336,25000
2018-11-21,124.0,124.0,124.0,124.0,121.51399993896484,1000
2018-11-22,124.0,124.0,124.0,124.0,121.51399993896484,1000
2018-11-26,124.0,124.0,124.0,124.0,121.51399993896484,0
2018-11-27,126.9000015258789,126.9000015258789,124.0,124.0,121.51399993896484,2000
2018-11-28,124.0,124.0,124.0,124.0,121.51399993896484,0
2018-11-29,124.0,124.0,124.0,124.0,121.51399993896484,0
2018-11-30,127.25,133.0,126.5,129.64999389648438,127.05072021484375,10000
2018-12-03,125.0,125.0,124.30000305175781,124.30000305175781,121.80799102783203,106000
2018-12-04,124.30000305175781,124.30000305175781,124.30000305175781,124.30000305175781,121.80799102783203,0
2018-12-05,124.0,124.0,124.0,124.0,121.51399993896484,1000
2018-12-06,124.0999984741211,129.0500030517578,124.0,124.0,121.51399993896484,52000
2018-12-07,124.0999984741211,124.0999984741211,124.0999984741211,124.0999984741211,121.61199951171875,50000
2018-12-10,124.0999984741211,124.0999984741211,124.0999984741211,124.0999984741211,121.61199951171875,0
2018-12-11,124.0999984741211,124.0999984741211,124.0999984741211,124.0999984741211,121.61199951171875,0
2018-12-12,124.0999984741211,124.0999984741211,124.0999984741211,124.0999984741211,121.61199951171875,0
2018-12-13,126.80000305175781,126.9000015258789,124.05000305175781,125.0,122.49394989013672,36000
2018-12-14,125.9000015258789,125.9000015258789,125.9000015258789,125.9000015258789,123.37591552734375,1000
2018-12-17,124.05000305175781,124.05000305175781,124.05000305175781,124.05000305175781,121.5630111694336,21000
2018-12-18,124.05000305175781,124.05000305175781,124.05000305175781,124.05000305175781,121.5630111694336,41000
2018-12-19,128.60000610351562,128.60000610351562,124.19999694824219,126.0,123.47389221191406,22000
2018-12-20,124.0,124.0,124.0,124.0,121.51399993896484,3000
2018-12-21,124.05000305175781,124.05000305175781,124.0,124.0,121.51399993896484,3000
2018-12-24,124.0,124.0,124.0,124.0,121.51399993896484,0
2018-12-26,125.0,125.0,124.05000305175781,125.0,122.49394989013672,3000
2018-12-27,124.05000305175781,124.5,124.0,124.44999694824219,121.95497131347656,76000
2018-12-28,124.05000305175781,124.05000305175781,124.0,124.0,121.51399993896484,4000
2018-12-31,124.0,125.0,124.0,124.0999984741211,121.61199951171875,13000
2019-01-01,124.69999694824219,126.0,124.69999694824219,126.0,123.47389221191406,6000
2019-01-02,124.5,124.5,124.5,124.5,122.00398254394531,1000
2019-01-03,124.19999694824219,125.0,124.0,124.0,121.51399993896484,27000
2019-01-04,124.05000305175781,124.94999694824219,124.05000305175781,124.94999694824219,122.44495391845703,2000
2019-01-07,124.0,124.0,124.0,124.0,121.51399993896484,1000
2019-01-08,124.05000305175781,124.05000305175781,124.0,124.0,121.51399993896484,4000
2019-01-09,125.0,125.0,125.0,125.0,122.49394989013672,8000
2019-01-10,124.05000305175781,125.0,124.05000305175781,125.0,122.49394989013672,4000
2019-01-11,124.0,124.0,124.0,124.0,121.51399993896484,1000
2019-01-14,124.0,124.0,124.0,124.0,121.51399993896484,0
2019-01-15,124.0,124.0,124.0,124.0,121.51399993896484,0
2019-01-16,124.0,124.0,124.0,124.0,121.51399993896484,0
2019-01-17,124.0,124.0,124.0,124.0,121.51399993896484,0
2019-01-18,124.0,124.0,124.0,124.0,121.51399993896484,0
2019-01-21,124.0,124.0,124.0,124.0,121.51399993896484,0
2019-01-22,124.0999984741211,124.0999984741211,124.0999984741211,124.0999984741211,121.61199951171875,20000
2019-01-23,124.0999984741211,124.0999984741211,124.0999984741211,124.0999984741211,121.61199951171875,0
2019-01-24,124.0999984741211,124.0999984741211,124.0999984741211,124.0999984741211,121.61199951171875,0
2019-01-25,124.0999984741211,124.0999984741211,124.0999984741211,124.0999984741211,121.61199951171875,0
2019-01-28,124.0999984741211,124.0999984741211,124.0999984741211,124.0999984741211,121.61199951171875,0
2019-01-29,124.0,124.0,124.0,124.0,121.51399993896484,6000
2019-01-30,124.0,124.0,124.0,124.0,121.51399993896484,0
2019-01-31,124.0,124.0,124.0,124.0,121.51399993896484,0
2019-02-01,124.05000305175781,127.94999694824219,124.05000305175781,127.94999694824219,125.38481140136719,25000
2019-02-04,124.0,124.0,124.0,124.0,121.51399993896484,1000
2019-02-05,124.05000305175781,129.4499969482422,123.0,123.0,120.53404235839844,56000
2019-02-06,123.0999984741211,124.9000015258789,123.0999984741211,124.9000015258789,122.39595794677734,10000
2019-02-07,123.05000305175781,123.05000305175781,123.0,123.0,120.53404235839844,24000
2019-02-08,123.0,123.0,123.0,123.0,120.53404235839844,0
2019-02-11,123.05000305175781,123.05000305175781,123.05000305175781,123.05000305175781,120.58304595947266,4000
2019-02-12,123.94999694824219,123.94999694824219,123.0,123.8499984741211,121.36700439453125,9000
2019-02-14,139.0,139.0,123.0,123.0,120.53404235839844,12000
2019-02-15,123.0,123.0,122.0,122.0,119.55408477783203,11000
2019-02-18,122.0,122.05000305175781,122.0,122.05000305175781,119.60310363769531,55000
2019-02-19,122.05000305175781,122.05000305175781,122.05000305175781,122.05000305175781,119.60310363769531,75000
2019-02-20,122.05000305175781,122.05000305175781,122.05000305175781,122.05000305175781,119.60310363769531,0
2019-02-21,122.0999984741211,122.0999984741211,122.0,122.0,119.55408477783203,11000
2019-02-22,122.0999984741211,129.0,122.05000305175781,129.0,126.41374206542969,81000
2019-02-25,130.0,130.0,122.05000305175781,122.05000305175781,119.60310363769531,5000
2019-02-26,122.19999694824219,122.19999694824219,122.19999694824219,122.19999694824219,119.75006866455078,2000
2019-02-27,122.19999694824219,122.19999694824219,122.19999694824219,122.19999694824219,119.75006866455078,0
2019-02-28,122.0,122.0,122.0,122.0,119.55408477783203,2000
2019-03-01,130.0,130.0,122.05000305175781,123.0,120.53404235839844,4000
2019-03-05,128.0,128.0,124.0,124.0,121.51399993896484,7000
2019-03-06,123.0,123.0,122.19999694824219,122.55000305175781,120.09307861328125,5000
2019-03-07,126.0,126.0,126.0,126.0,123.47389221191406,1000
2019-03-08,123.75,132.0,123.75,132.0,129.35360717773438,4000
2019-03-11,132.0,132.0,132.0,132.0,129.35360717773438,0
2019-03-12,132.0,132.0,132.0,132.0,129.35360717773438,0
2019-03-13,127.0,127.0,127.0,127.0,124.45384979248047,5000
2019-03-14,122.05000305175781,122.05000305175781,122.0,122.0,119.55408477783203,10000
2019-03-15,122.0,122.0,122.0,122.0,119.55408477783203,1000
2019-03-18,125.5,134.64999389648438,122.0,122.0,119.55408477783203,12000
2019-03-19,122.0,129.5,122.0,126.30000305175781,123.76789855957031,6000
2019-03-20,122.0999984741211,122.75,122.0,122.0,119.55408477783203,4000
2019-03-22,122.0,122.0,122.0,122.0,119.55408477783203,3000
2019-03-25,123.0,123.0,123.0,123.0,120.53404235839844,2000
2019-03-26,123.8499984741211,123.8499984741211,122.0,122.0,119.55408477783203,3000
2019-03-27,122.0,122.0,122.0,122.0,119.55408477783203,2000
2019-03-28,124.9000015258789,134.5,123.05000305175781,123.0999984741211,120.63203430175781,9000
2019-04-01,126.0999984741211,126.0999984741211,126.0999984741211,126.0999984741211,123.5718994140625,0
2019-04-02,125.0,128.75,122.0,125.3499984741211,122.83692932128906,9000
2019-04-03,122.05000305175781,123.5,122.0,122.0,119.55408477783203,14000
2019-04-04,122.25,122.25,122.25,122.25,119.79907989501953,10000
2019-04-05,123.44999694824219,123.44999694824219,123.44999694824219,123.44999694824219,120.97501373291016,0
2019-04-08,123.44999694824219,123.44999694824219,123.44999694824219,123.44999694824219,120.97501373291016,0
2019-04-09,122.05000305175781,122.05000305175781,122.0,122.0,119.55408477783203,6000
2019-04-10,122.0,122.0,122.0,122.0,119.55408477783203,1000
2019-04-11,122.25,122.25,122.25,122.25,119.79907989501953,25000
2019-04-12,122.25,122.25,122.25,122.25,119.79907989501953,0
2019-04-15,124.5,124.5,124.5,124.5,122.00398254394531,1000
2019-04-16,124.5,124.5,124.5,124.5,122.00398254394531,0
2019-04-18,124.5,124.5,124.5,124.5,122.00398254394531,0
2019-04-22,124.5,124.5,124.5,124.5,122.00398254394531,0
2019-04-23,124.5,124.5,124.5,124.5,122.00398254394531,0
2019-04-24,123.0,123.0,123.0,123.0,120.53404235839844,20000
2019-04-25,123.0,123.0,123.0,123.0,120.53404235839844,0
2019-04-26,122.05000305175781,122.05000305175781,122.05000305175781,122.05000305175781,119.60310363769531,1000
2019-04-30,122.05000305175781,122.05000305175781,122.05000305175781,122.05000305175781,119.60310363769531,0
2019-05-02,122.05000305175781,122.05000305175781,122.05000305175781,122.05000305175781,119.60310363769531,0
2019-05-03,122.05000305175781,122.05000305175781,122.05000305175781,122.05000305175781,119.60310363769531,0
2019-05-06,122.0,122.0,122.0,122.0,119.55408477783203,1000
2019-05-07,122.0,122.05000305175781,122.0,122.05000305175781,119.60310363769531,6000
2019-05-08,122.0,122.0,122.0,122.0,119.55408477783203,6000
2019-05-09,122.0,122.05000305175781,122.0,122.05000305175781,119.60310363769531,16000
2019-05-10,122.05000305175781,122.05000305175781,122.05000305175781,122.05000305175781,119.60310363769531,0
2019-05-13,122.0,122.0,122.0,122.0,119.55408477783203,1000
2019-05-14,122.0,122.0,122.0,122.0,119.55408477783203,0
2019-05-15,122.0,122.0,122.0,122.0,119.55408477783203,1000
2019-05-16,122.0,122.5,122.0,122.30000305175781,119.84808349609375,27000
2019-05-17,122.05000305175781,122.05000305175781,122.0,122.0,119.55408477783203,18000
2019-05-20,124.9000015258789,140.0,124.9000015258789,140.0,137.1932373046875,2000
2019-05-21,123.44999694824219,123.9000015258789,122.05000305175781,122.0999984741211,119.65209197998047,74000
2019-05-22,122.0999984741211,122.0999984741211,122.0999984741211,122.0999984741211,119.65209197998047,0
2019-05-23,124.0,128.5,122.05000305175781,122.0999984741211,119.65209197998047,9000
2019-05-24,122.0999984741211,122.0999984741211,122.0999984741211,122.0999984741211,119.65209197998047,0
2019-05-27,122.0999984741211,122.0999984741211,122.0999984741211,122.0999984741211,119.65209197998047,1000
2019-05-28,122.05000305175781,123.9000015258789,122.0,122.05000305175781,119.60310363769531,73000
2019-05-29,122.0999984741211,123.25,122.05000305175781,122.05000305175781,119.60310363769531,34000
2019-05-30,123.4000015258789,123.5,122.9000015258789,122.9000015258789,120.43605041503906,3000
2019-05-31,122.3499984741211,122.3499984741211,122.05000305175781,122.05000305175781,119.60310363769531,44000
2019-06-03,122.1500015258789,122.1500015258789,122.0,122.05000305175781,119.60310363769531,7000
2019-06-04,122.05000305175781,122.05000305175781,122.05000305175781,122.05000305175781,119.60310363769531,0
2019-06-06,122.0,122.0,122.0,122.0,119.55408477783203,1000
2019-06-07,122.0,122.0,122.0,122.0,119.55408477783203,0
2019-06-10,122.0,122.0,122.0,122.0,119.55408477783203,1000
2019-06-11,122.0,122.0,122.0,122.0,119.55408477783203,0
2019-06-12,124.44999694824219,124.44999694824219,124.44999694824219,124.44999694824219,121.95497131347656,1000
2019-06-13,122.0,122.0,121.5,121.94999694824219,119.50508880615234,44000
2019-06-14,121.0,121.0,121.0,121.0,118.57414245605469,3000
2019-06-17,121.0,121.0,121.0,121.0,118.57414245605469,5000
2019-06-18,121.0,121.0,121.0,121.0,118.57414245605469,0
2019-06-19,121.0,121.0,121.0,121.0,118.57414245605469,1000
2019-06-20,121.0,121.0,121.0,121.0,118.57414245605469,1000
2019-06-21,121.0,121.0,121.0,121.0,118.57414245605469,1000
2019-06-24,121.0,121.0,121.0,121.0,118.57414245605469,0
2019-06-25,121.0,122.94999694824219,121.0,122.94999694824219,120.48504638671875,20000
2019-06-26,121.0,123.44999694824219,121.0,122.0,119.55408477783203,41000
2019-06-27,122.0,122.0,122.0,122.0,119.55408477783203,0
2019-06-28,122.0,122.0,122.0,122.0,119.55408477783203,22000
2019-07-01,122.0,122.0,122.0,122.0,119.55408477783203,0
2019-07-02,125.0,126.80000305175781,122.0,124.25,121.75898742675781,104000
2019-07-03,124.25,124.25,124.25,124.25,121.75898742675781,0
2019-07-04,122.0,122.0,121.5,121.75,119.30909729003906,21000
2019-07-05,121.75,121.75,121.75,121.75,119.30909729003906,0
2019-07-08,121.0,121.0,121.0,121.0,118.57414245605469,2000
2019-07-09,121.0,123.0,121.0,123.0,120.53404235839844,8000
2019-07-10,121.0,122.25,121.0,122.25,119.79907989501953,4000
2019-07-11,122.25,122.25,122.25,122.25,119.79907989501953,0
2019-07-12,122.0,122.0,121.0,121.0,118.57414245605469,21000
2019-07-15,121.0,121.0,121.0,121.0,118.57414245605469,0
2019-07-16,121.0,122.4000015258789,121.0,122.4000015258789,119.94607543945312,11000
2019-07-17,121.0,121.0,121.0,121.0,118.57414245605469,10000
2019-07-18,121.0,121.75,121.0,121.75,119.30909729003906,28000
2019-07-19,121.0,121.75,121.0,121.5999984741211,119.16211700439453,8000
2019-07-22,121.0,121.0,121.0,121.0,118.57414245605469,6000
2019-07-23,121.0,121.75,121.0,121.3499984741211,118.91712951660156,12000
2019-07-24,121.0,121.75,121.0,121.0,118.57414245605469,17000
2019-07-25,121.0,121.0,121.0,121.0,118.57414245605469,6000
2019-07-26,121.0,121.0,121.0,121.0,118.57414245605469,5000
2019-07-29,121.0,121.0,121.0,121.0,118.57414245605469,2000
2019-07-30,121.0,121.0,118.0,121.0,118.57414245605469,27000
2019-07-31,121.0,121.0,120.5,120.5,118.08416748046875,10000
2019-08-01,115.0,115.0,114.5,114.5,112.20445251464844,3000
2019-08-02,119.0,119.0,119.0,119.0,116.6142349243164,1000
2019-08-05,121.0,127.0,114.0,114.0,111.71448516845703,11000
2019-08-06,114.0,114.0,114.0,114.0,111.71448516845703,0
2019-08-07,114.05000305175781,114.05000305175781,113.5,113.5,111.2245101928711,12000
2019-08-08,119.5,119.5,113.5,117.0,114.65433502197266,8000
2019-08-09,113.5,113.5,113.0,113.0,110.73453521728516,2000
2019-08-13,113.75,113.75,113.75,113.75,111.46949005126953,23000
2019-08-14,112.0,119.5,112.0,119.5,117.10420989990234,2000
2019-08-16,119.5,119.5,119.5,119.5,117.10420989990234,0
2019-08-19,119.5,119.5,119.5,119.5,117.10420989990234,0
2019-08-20,119.5,119.5,119.5,119.5,117.10420989990234,0
2019-08-21,112.0,112.0,112.0,112.0,109.75457000732422,2000
2019-08-22,111.0,114.0,111.0,111.0,108.77462768554688,11000
2019-08-23,111.0,111.0,111.0,111.0,108.77462768554688,0
2019-08-26,111.0,111.0,111.0,111.0,108.77462768554688,0
2019-08-27,112.0,113.75,112.0,113.75,111.46949005126953,2000
2019-08-28,120.0,120.0,114.0,114.0,111.71448516845703,18000
2019-08-29,112.0,112.0,112.0,112.0,109.75457000732422,2000
2019-08-30,112.0,112.0,112.0,112.0,109.75457000732422,1000
2019-09-03,114.5,114.5,112.0,112.0,109.75457000732422,3000
2019-09-04,112.0,112.0,112.0,112.0,109.75457000732422,3000
2019-09-05,112.0,112.0,112.0,112.0,109.75457000732422,0
2019-09-06,112.0,112.0,112.0,112.0,109.75457000732422,0
2019-09-09,112.0,112.0,112.0,112.0,109.75457000732422,2000
2019-09-11,112.0,112.0,112.0,112.0,110.24674224853516,2000
2019-09-12,112.0,112.0,112.0,112.0,110.24674224853516,2000
2019-09-13,112.0,112.0,112.0,112.0,110.24674224853516,0
2019-09-16,112.0,112.0,112.0,112.0,110.24674224853516,3000
2019-09-17,112.0,112.0,112.0,112.0,110.24674224853516,1000
2019-09-18,112.0,112.0,112.0,112.0,110.24674224853516,0
2019-09-19,112.0,112.0,112.0,112.0,110.24674224853516,1000
2019-09-20,119.0,119.0,119.0,119.0,117.13716888427734,1000
2019-09-23,119.0,119.0,119.0,119.0,117.13716888427734,0
2019-09-24,116.9000015258789,116.9000015258789,116.9000015258789,116.9000015258789,115.07005310058594,2000
2019-09-25,112.05000305175781,116.75,112.05000305175781,116.75,114.92239379882812,16000
2019-09-26,116.94999694824219,116.94999694824219,116.8499984741211,116.8499984741211,115.02083587646484,4000
2019-09-27,116.8499984741211,116.8499984741211,116.8499984741211,116.8499984741211,115.02083587646484,0
2019-09-30,116.8499984741211,116.8499984741211,116.8499984741211,116.8499984741211,115.02083587646484,0
2019-10-01,116.8499984741211,116.8499984741211,116.8499984741211,116.8499984741211,115.02083587646484,0
2019-10-03,116.8499984741211,116.8499984741211,116.8499984741211,116.8499984741211,115.02083587646484,0
2019-10-04,112.0,117.75,112.0,117.75,115.90674591064453,2000
2019-10-07,112.0,116.5,112.0,113.5,111.72327423095703,4000
2019-10-09,112.0,112.0,112.0,112.0,110.24674224853516,1000
2019-10-10,112.0,112.0,112.0,112.0,110.24674224853516,0
2019-10-11,112.0,112.0,112.0,112.0,110.24674224853516,0
2019-10-14,112.0,112.0,112.0,112.0,110.24674224853516,0
2019-10-15,112.0,112.0,112.0,112.0,110.24674224853516,0
2019-10-16,112.0,112.0,112.0,112.0,110.24674224853516,0
2019-10-17,112.0,112.0,112.0,112.0,110.24674224853516,0
2019-10-18,112.0,112.0,112.0,112.0,110.24674224853516,0
2019-10-22,117.5,117.5,117.5,117.5,115.66065216064453,1000
2019-10-23,117.5,117.5,117.5,117.5,115.66065216064453,0
2019-10-24,117.5,117.5,117.5,117.5,115.66065216064453,0
2019-10-25,112.0,124.5,112.0,124.5,122.55108642578125,2000
2019-10-27,119.0,119.0,118.94999694824219,118.94999694824219,117.08795166015625,2000
2019-10-29,118.94999694824219,118.94999694824219,118.94999694824219,118.94999694824219,117.08795166015625,0
2019-10-30,114.0,117.75,114.0,117.75,115.90674591064453,12000
2019-10-31,117.75,117.75,117.75,117.75,115.90674591064453,0
2019-11-01,115.0,115.0,115.0,115.0,113.19979095458984,5000
2019-11-04,114.0,117.94999694824219,114.0,117.94999694824219,116.10360717773438,10000
2019-11-05,117.44999694824219,117.44999694824219,114.0,117.4000015258789,115.56221771240234,6000
2019-11-06,117.4000015258789,117.4000015258789,117.4000015258789,117.4000015258789,115.56221771240234,0
2019-11-07,117.4000015258789,117.4000015258789,117.4000015258789,117.4000015258789,115.56221771240234,0
2019-11-08,117.4000015258789,117.4000015258789,117.4000015258789,117.4000015258789,115.56221771240234,0
2019-11-11,117.4000015258789,117.4000015258789,117.4000015258789,117.4000015258789,115.56221771240234,0
2019-11-13,117.4000015258789,117.4000015258789,117.4000015258789,117.4000015258789,115.56221771240234,0
2019-11-14,117.4000015258789,117.4000015258789,117.4000015258789,117.4000015258789,115.56221771240234,0
2019-11-15,117.4000015258789,117.4000015258789,117.4000015258789,117.4000015258789,115.56221771240234,0
2019-11-18,117.4000015258789,117.4000015258789,117.4000015258789,117.4000015258789,115.56221771240234,0
2019-11-19,117.4000015258789,117.4000015258789,117.4000015258789,117.4000015258789,115.56221771240234,0
2019-11-20,117.4000015258789,117.4000015258789,117.4000015258789,117.4000015258789,115.56221771240234,0
2019-11-21,117.4000015258789,117.4000015258789,117.4000015258789,117.4000015258789,115.56221771240234,0
2019-11-22,117.4000015258789,117.4000015258789,117.4000015258789,117.4000015258789,115.56221771240234,0
2019-11-25,117.4000015258789,117.4000015258789,117.4000015258789,117.4000015258789,115.56221771240234,0
2019-11-26,112.0,117.0,112.0,117.0,115.1684799194336,3000
2019-11-27,117.0,117.0,117.0,117.0,115.1684799194336,0
2019-11-28,117.0,117.0,117.0,117.0,115.1684799194336,0
2019-11-29,117.94999694824219,117.94999694824219,117.94999694824219,117.94999694824219,116.10360717773438,1000
2019-12-02,117.94999694824219,117.94999694824219,117.94999694824219,117.94999694824219,116.10360717773438,0
2019-12-03,117.94999694824219,117.94999694824219,117.94999694824219,117.94999694824219,116.10360717773438,0
2019-12-04,115.0,120.0,115.0,116.6500015258789,114.82395935058594,3000
2019-12-05,116.6500015258789,116.6500015258789,116.6500015258789,116.6500015258789,114.82395935058594,0
2019-12-06,116.6500015258789,116.6500015258789,116.6500015258789,116.6500015258789,114.82395935058594,0
2019-12-09,130.0,130.0,118.0,118.0,116.15283203125,2000
2019-12-10,124.0,124.0,120.0,120.0,118.12152099609375,5000
2019-12-11,120.0,120.0,120.0,120.0,118.12152099609375,0
2019-12-12,115.0,119.0,115.0,119.0,117.13716888427734,2000
2019-12-13,119.0,119.0,119.0,119.0,117.13716888427734,0
2019-12-16,119.0,119.0,119.0,119.0,117.13716888427734,0
2019-12-17,117.0,117.0,117.0,117.0,115.1684799194336,5000
2019-12-18,117.0,117.0,117.0,117.0,115.1684799194336,0
2019-12-19,117.0,117.0,117.0,117.0,115.1684799194336,0
2019-12-20,117.0,117.0,117.0,117.0,115.1684799194336,0
2019-12-23,117.0,117.0,117.0,117.0,115.1684799194336,0
2019-12-24,117.0,117.0,117.0,117.0,115.1684799194336,0
2019-12-26,115.0,118.0,115.0,118.0,116.15283203125,26000
2019-12-27,119.5,119.5,119.5,119.5,117.62934112548828,1000
2019-12-30,119.5,119.5,119.5,119.5,117.62934112548828,0
2019-12-31,123.0,123.0,114.5,115.0,113.19979095458984,9000
2020-01-01,115.0,115.0,115.0,115.0,113.19979095458984,0
2020-01-02,115.0,115.0,115.0,115.0,113.19979095458984,1000
2020-01-03,115.0,115.0,115.0,115.0,113.19979095458984,0
2020-01-06,115.0,115.0,115.0,115.0,113.19979095458984,0
2020-01-07,115.0,115.0,115.0,115.0,113.19979095458984,2000
2020-01-08,115.0,115.0,115.0,115.0,113.19979095458984,0
2020-01-09,115.0,115.0,115.0,115.0,113.19979095458984,0
2020-01-10,115.0,115.0,115.0,115.0,113.19979095458984,0
2020-01-13,115.0,115.0,115.0,115.0,113.19979095458984,0
2020-01-14,115.0,115.0,115.0,115.0,113.19979095458984,0
2020-01-15,115.0,115.0,115.0,115.0,113.19979095458984,0
2020-01-16,115.0,115.0,115.0,115.0,113.19979095458984,0
2020-01-17,118.0,118.0,118.0,118.0,116.15283203125,22000
2020-01-20,115.0,115.0,114.5,114.5,112.70761108398438,2000
2020-01-21,118.0,118.0,115.0,115.0,113.19979095458984,3000
2020-01-22,115.0,115.05000305175781,115.0,115.05000305175781,113.24900817871094,2000
2020-01-23,115.0999984741211,115.0999984741211,115.05000305175781,115.05000305175781,113.24900817871094,5000
2020-01-24,115.05000305175781,115.05000305175781,115.05000305175781,115.05000305175781,113.24900817871094,0
2020-01-27,115.0,115.0,115.0,115.0,113.19979095458984,1000
2020-01-28,115.0,115.0,115.0,115.0,113.19979095458984,0
2020-01-29,115.0,115.0,115.0,115.0,113.19979095458984,0
2020-01-30,115.0,115.0,115.0,115.0,113.19979095458984,0
2020-01-31,115.0,115.0,115.0,115.0,113.19979095458984,0
2020-02-03,115.0,115.0,115.0,115.0,113.19979095458984,0
2020-02-04,115.0,115.0,115.0,115.0,113.19979095458984,1000
2020-02-05,115.0,115.0,115.0,115.0,113.19979095458984,0
2020-02-06,115.0,115.0,115.0,115.0,113.19979095458984,0
2020-02-07,115.0,115.0,115.0,115.0,113.19979095458984,0
2020-02-10,115.0,115.0,115.0,115.0,113.19979095458984,1000
2020-02-11,115.0,115.0,115.0,115.0,113.19979095458984,0
2020-02-12,115.0,115.0,115.0,115.0,113.19979095458984,0
2020-02-13,115.0,115.0,115.0,115.0,113.19979095458984,1000
2020-02-14,115.0,115.0,114.5,114.5,112.70761108398438,3000
2020-02-17,114.5,114.5,114.5,114.5,112.70761108398438,0
2020-02-18,114.5,114.5,114.5,114.5,112.70761108398438,0
2020-02-19,114.5,117.0,114.5,117.0,115.1684799194336,6000
2020-02-20,117.0,117.0,117.0,117.0,115.1684799194336,0
2020-02-24,117.0,117.0,117.0,117.0,115.1684799194336,0
2020-02-25,117.0,117.0,117.0,117.0,115.1684799194336,0
2020-02-26,114.5,114.5,114.5,114.5,112.70761108398438,1000
2020-02-27,114.5,114.5,114.5,114.5,112.70761108398438,0
2020-02-28,114.5,114.5,112.0,112.0,110.24674224853516,6000
2020-03-02,120.0,120.0,114.5,114.5,112.70761108398438,2000
2020-03-03,114.5,114.5,114.5,114.5,112.70761108398438,0
2020-03-04,112.0,112.0,112.0,112.0,110.24674224853516,1000
2020-03-05,112.0,112.0,112.0,112.0,110.24674224853516,0
2020-03-06,110.0,115.0,110.0,115.0,113.19979095458984,2000
2020-03-09,110.0,110.0,109.0,109.0,107.29370880126953,2000
2020-03-11,108.0,108.0,108.0,108.0,106.30937194824219,1000
2020-03-12,107.0,107.0,106.0,106.0,104.3406753540039,2000
2020-03-13,102.0,102.0,102.0,102.0,100.40328979492188,1000
2020-03-16,110.0,110.0,100.0,100.0,98.43460083007812,2000
2020-03-17,100.0,100.0,100.0,100.0,98.43460083007812,1000
2020-03-18,100.0,100.0,100.0,100.0,98.43460083007812,1000
2020-03-19,100.0,100.0,100.0,100.0,98.43460083007812,2000
2020-03-20,104.0,104.0,102.5,102.5,100.89546966552734,3000
2020-03-23,102.5,102.5,102.5,102.5,101.39004516601562,0
2020-03-24,102.5,102.5,102.5,102.5,101.39004516601562,0
2020-03-25,102.5,102.5,102.5,102.5,101.39004516601562,0
2020-03-26,102.5,102.5,102.5,102.5,101.39004516601562,0
2020-03-27,108.0,108.0,108.0,108.0,106.83049011230469,1000
2020-03-30,108.0,108.0,108.0,108.0,106.83049011230469,0
2020-03-31,93.0,103.0,93.0,103.0,101.8846435546875,3000
2020-04-01,103.0,103.0,103.0,103.0,101.8846435546875,0
2020-04-03,93.0,100.0,93.0,100.0,98.9171142578125,2000
2020-04-07,100.0,100.0,100.0,100.0,98.9171142578125,0
2020-04-08,108.0,108.0,108.0,108.0,106.83049011230469,1000
2020-04-09,102.0,102.0,102.0,102.0,100.89546966552734,1000
2020-04-13,102.0,102.0,102.0,102.0,100.89546966552734,0
2020-04-15,102.0,102.0,102.0,102.0,100.89546966552734,0
2020-04-16,102.0,102.0,102.0,102.0,100.89546966552734,0
2020-04-17,102.0,102.0,102.0,102.0,100.89546966552734,0
2020-04-20,102.0,102.0,102.0,102.0,100.89546966552734,0
2020-04-21,102.0,103.0,102.0,102.5,101.39004516601562,4000
2020-04-22,102.5,102.5,102.5,102.5,101.39004516601562,0
2020-04-23,102.5,102.5,102.5,102.5,101.39004516601562,0
2020-04-24,94.0,101.0,94.0,101.0,99.90628814697266,2000
2020-04-27,101.0,101.0,101.0,101.0,99.90628814697266,0
2020-04-28,101.0,101.0,101.0,101.0,99.90628814697266,0
2020-04-29,94.0,102.0,94.0,102.0,100.89546966552734,3000
2020-04-30,93.0,100.25,93.0,100.25,99.16441345214844,3000
2020-05-04,100.25,100.25,100.25,100.25,99.16441345214844,0
2020-05-05,102.94999694824219,102.94999694824219,102.94999694824219,102.94999694824219,101.8351821899414,1000
2020-05-06,93.0,102.0,93.0,96.3499984741211,95.30664825439453,3000
2020-05-07,96.3499984741211,96.3499984741211,96.3499984741211,96.3499984741211,95.30664825439453,0
2020-05-08,96.3499984741211,96.3499984741211,96.3499984741211,96.3499984741211,95.30664825439453,0
2020-05-11,96.3499984741211,96.3499984741211,96.3499984741211,96.3499984741211,95.30664825439453,0
2020-05-12,93.0,93.0,93.0,93.0,91.99292755126953,4000
2020-05-13,93.0,98.0,93.0,98.0,96.93877410888672,2000
2020-05-14,93.0,100.0,93.0,100.0,98.9171142578125,2000
2020-05-15,100.0,100.0,100.0,100.0,98.9171142578125,0
2020-05-18,105.0,105.0,93.0,97.5,96.4441909790039,4000
2020-05-19,97.5,97.5,97.5,97.5,96.4441909790039,0
2020-05-20,97.5,97.5,97.5,97.5,96.4441909790039,0
2020-05-21,93.0,101.0,93.0,101.0,99.90628814697266,2000
2020-05-22,101.0,101.0,101.0,101.0,99.90628814697266,0
2020-05-26,100.0,100.0,100.0,100.0,98.9171142578125,30000
2020-05-27,100.0,100.0,100.0,100.0,98.9171142578125,0
2020-05-28,100.0,100.0,100.0,100.0,98.9171142578125,0
2020-05-29,100.0,100.0,100.0,100.0,98.9171142578125,0
2020-06-01,100.0,100.0,100.0,100.0,98.9171142578125,0
2020-06-02,100.0,100.0,100.0,100.0,98.9171142578125,0
2020-06-03,100.0,100.0,100.0,100.0,98.9171142578125,0
2020-06-04,100.0,100.0,100.0,100.0,98.9171142578125,0
2020-06-05,100.0,100.0,100.0,100.0,98.9171142578125,1000
2020-06-08,100.0,100.0,100.0,100.0,98.9171142578125,0
2020-06-09,100.0,100.0,100.0,100.0,98.9171142578125,1000
2020-06-10,100.0,100.0,100.0,100.0,98.9171142578125,0
2020-06-11,100.0,100.0,100.0,100.0,98.9171142578125,0
2020-06-12,100.0,100.0,100.0,100.0,98.9171142578125,0
2020-06-15,100.0,100.0,100.0,100.0,98.9171142578125,0
2020-06-16,100.0,100.0,100.0,100.0,98.9171142578125,0
2020-06-17,100.0,100.0,100.0,100.0,98.9171142578125,0
2020-06-18,100.0,103.0,100.0,103.0,101.8846435546875,2000
2020-06-19,102.0,103.0,102.0,103.0,101.8846435546875,3000
2020-06-22,109.0,109.0,102.0,102.0,100.89546966552734,2000
2020-06-23,102.0,102.0,102.0,102.0,100.89546966552734,0
2020-06-24,102.0,102.0,102.0,102.0,100.89546966552734,0
2020-06-25,102.0,102.0,102.0,102.0,100.89546966552734,0
2020-06-26,102.0,102.0,102.0,102.0,100.89546966552734,0
2020-06-29,102.0,102.0,102.0,102.0,100.89546966552734,0
2020-06-30,102.0,102.0,102.0,102.0,100.89546966552734,0
2020-07-01,102.0,102.0,102.0,102.0,100.89546966552734,0
2020-07-02,102.0,102.0,102.0,102.0,100.89546966552734,0
2020-07-03,102.0,102.0,102.0,102.0,100.89546966552734,0
2020-07-06,102.0,102.0,102.0,102.0,100.89546966552734,0
2020-07-07,102.0,102.0,102.0,102.0,100.89546966552734,0
2020-07-08,102.0,102.0,102.0,102.0,100.89546966552734,0
2020-07-09,102.0,102.0,102.0,102.0,100.89546966552734,0
2020-07-10,100.0,100.0,100.0,100.0,98.9171142578125,1000
2020-07-13,100.0,100.0,100.0,100.0,98.9171142578125,0
2020-07-14,100.0,100.0,100.0,100.0,98.9171142578125,0
2020-07-15,100.0,100.0,100.0,100.0,98.9171142578125,0
2020-07-16,100.0,100.0,100.0,100.0,98.9171142578125,0
2020-07-17,96.0,99.75,96.0,99.75,98.66983032226562,2000
2020-07-20,97.5,99.75,97.5,99.75,98.66983032226562,4000
2020-07-21,99.75,99.75,99.75,99.75,98.66983032226562,0
2020-07-22,95.0,95.0,95.0,95.0,93.97126770019531,1000
2020-07-23,95.0,95.0,95.0,95.0,93.97126770019531,0
2020-07-24,97.0,97.0,96.0,96.0,94.96043395996094,2000
2020-07-27,96.0,96.0,96.0,96.0,94.96043395996094,0
2020-07-28,96.0,96.0,96.0,96.0,94.96043395996094,0
2020-07-29,96.0,96.0,96.0,96.0,94.96043395996094,0
2020-07-30,93.0,93.0,93.0,93.0,91.99292755126953,1000
2020-07-31,93.0,93.0,93.0,93.0,91.99292755126953,0
2020-08-03,98.0,98.0,98.0,98.0,96.93877410888672,1000
2020-08-04,98.0,98.0,98.0,98.0,96.93877410888672,0
2020-08-05,92.0,96.19999694824219,90.0,91.0,90.01457977294922,11000
2020-08-06,91.0,91.0,91.0,91.0,90.01457977294922,0
2020-08-07,91.0,91.0,91.0,91.0,90.01457977294922,0
2020-08-10,91.0,91.0,91.0,91.0,90.01457977294922,0
2020-08-11,91.0,91.0,91.0,91.0,90.01457977294922,0
2020-08-12,91.0,91.0,91.0,91.0,90.01457977294922,0
2020-08-13,95.0,95.0,95.0,95.0,93.97126770019531,1000
2020-08-14,95.0,95.0,95.0,95.0,93.97126770019531,0
2020-08-17,95.0,95.0,95.0,95.0,93.97126770019531,0
2020-08-18,95.0,95.0,95.0,95.0,93.97126770019531,0
2020-08-19,95.0,95.0,95.0,95.0,93.97126770019531,0
2020-08-20,95.0,95.0,95.0,95.0,93.97126770019531,0
2020-08-21,98.9000015258789,98.9000015258789,96.75,96.75,95.70230865478516,4000
2020-08-24,96.75,96.75,96.75,96.75,95.70230865478516,0
2020-08-25,96.75,96.75,96.75,96.75,95.70230865478516,0
2020-08-26,99.0,99.0,99.0,99.0,97.92794799804688,1000
2020-08-27,99.0,99.0,99.0,99.0,97.92794799804688,0
2020-08-28,90.0,98.0,90.0,98.0,96.93877410888672,6000
2020-08-31,98.0,98.0,98.0,98.0,96.93877410888672,0
2020-09-01,98.0,98.0,98.0,98.0,96.93877410888672,0
2020-09-02,98.0,98.0,98.0,98.0,96.93877410888672,0
2020-09-03,98.0,98.0,98.0,98.0,96.93877410888672,0
2020-09-04,98.0,98.0,98.0,98.0,96.93877410888672,0
2020-09-07,98.0,98.0,98.0,98.0,96.93877410888672,0
2020-09-08,98.0,98.0,98.0,98.0,96.93877410888672,0
2020-09-09,98.0,98.0,98.0,98.0,96.93877410888672,0
2020-09-10,98.0,98.0,98.0,98.0,96.93877410888672,0
2020-09-11,91.0,91.0,91.0,91.0,90.01457977294922,2000
2020-09-14,91.0,91.0,91.0,91.0,90.01457977294922,0
2020-09-15,90.0,90.0,90.0,90.0,89.02540588378906,5000
2020-09-16,90.0,90.0,90.0,90.0,89.02540588378906,0
2020-09-17,90.0,90.0,90.0,90.0,89.02540588378906,0
2020-09-18,90.0,90.0,90.0,90.0,89.02540588378906,0
2020-09-21,90.0,90.0,90.0,90.0,89.02540588378906,0
2020-09-22,90.0,90.0,90.0,90.0,89.02540588378906,0
2020-09-23,90.0,90.0,90.0,90.0,89.02540588378906,0
2020-09-24,90.0,90.0,90.0,90.0,89.02540588378906,0
2020-09-25,90.0,90.0,90.0,90.0,89.02540588378906,0
2020-09-28,90.0,90.0,90.0,90.0,89.02540588378906,0
2020-09-29,90.0,90.0,90.0,90.0,89.02540588378906,0
2020-09-30,90.0,90.0,90.0,90.0,89.02540588378906,0
2020-10-01,90.0,90.0,90.0,90.0,89.02540588378906,0
2020-10-05,91.0,91.0,91.0,91.0,90.01457977294922,1000
2020-10-06,90.0,90.0,90.0,90.0,89.02540588378906,6000
2020-10-07,90.0,90.0,90.0,90.0,89.02540588378906,0
2020-10-08,90.0,90.0,90.0,90.0,89.02540588378906,0
2020-10-09,90.0,90.0,90.0,90.0,89.02540588378906,1000
2020-10-12,90.0,90.0,90.0,90.0,89.02540588378906,0
2020-10-13,90.0,90.0,90.0,90.0,89.02540588378906,0
2020-10-14,90.0,90.0,90.0,90.0,89.02540588378906,0
2020-10-15,90.0,90.0,90.0,90.0,89.02540588378906,0
2020-10-16,90.0,90.0,90.0,90.0,89.02540588378906,0
2020-10-19,90.0,90.0,90.0,90.0,89.02540588378906,0
2020-10-20,90.0,90.0,90.0,90.0,89.02540588378906,0
2020-10-21,90.0,90.0,90.0,90.0,89.02540588378906,1000
2020-10-22,89.0,90.0,89.0,90.0,89.02540588378906,6000
2020-10-23,90.0,90.0,90.0,90.0,89.02540588378906,0
2020-10-26,89.0,89.0,89.0,89.0,88.03623962402344,1000
2020-10-27,97.0,97.0,97.0,97.0,95.9496078491211,15000
2020-10-28,97.0,97.0,97.0,97.0,95.9496078491211,0
2020-10-29,89.0,94.0,89.0,94.0,92.98209381103516,11000
2020-10-30,94.0,94.0,94.0,94.0,92.98209381103516,0
2020-11-02,101.94999694824219,102.0,93.0,93.0,91.99292755126953,27000
2020-11-03,100.0,100.0,99.94999694824219,100.0,98.9171142578125,3000
2020-11-04,91.05000305175781,91.05000305175781,91.05000305175781,91.05000305175781,90.06404113769531,1000
2020-11-05,91.05000305175781,91.05000305175781,91.05000305175781,91.05000305175781,90.06404113769531,0
2020-11-06,91.0999984741211,91.0999984741211,91.0,91.0,90.01457977294922,2000
2020-11-09,98.0,98.0,98.0,98.0,96.93877410888672,25000
2020-11-10,98.0,98.0,98.0,98.0,96.93877410888672,0
2020-11-11,93.0,93.0,91.0,91.0,90.01457977294922,2000
2020-11-12,91.0,91.0,91.0,91.0,90.01457977294922,0
2020-11-13,91.0,91.0,91.0,91.0,90.01457977294922,0
2020-11-17,91.0,91.0,91.0,91.0,90.01457977294922,0
2020-11-18,91.0,91.0,91.0,91.0,90.01457977294922,0
2020-11-19,91.0,91.0,89.0,89.0,88.03623962402344,4000
2020-11-20,89.0,89.0,89.0,89.0,88.03623962402344,0
2020-11-23,90.0,97.5,90.0,97.5,96.4441909790039,4000
2020-11-24,97.5,97.5,97.5,97.5,96.4441909790039,0
2020-11-25,97.0,97.0,97.0,97.0,95.9496078491211,2000
2020-11-26,97.0,97.0,97.0,97.0,95.9496078491211,0
2020-11-27,98.0,99.0,98.0,98.0,96.93877410888672,26000
2020-12-01,98.0,98.0,98.0,98.0,96.93877410888672,0
2020-12-02,91.0,91.0,91.0,91.0,90.01457977294922,1000
2020-12-03,91.0,91.0,91.0,91.0,90.01457977294922,0
2020-12-04,91.0,91.0,91.0,91.0,90.01457977294922,0
2020-12-07,91.5,91.5,91.5,91.5,90.50916290283203,1000
2020-12-08,100.0,100.0,100.0,100.0,98.9171142578125,2000
2020-12-09,100.0,100.0,100.0,100.0,98.9171142578125,0
2020-12-10,100.0,100.0,100.0,100.0,98.9171142578125,0
2020-12-11,100.0,100.0,100.0,100.0,98.9171142578125,0
2020-12-14,81.0,101.75,81.0,92.3499984741211,91.34996032714844,24000
2020-12-15,92.3499984741211,97.9000015258789,92.3499984741211,97.9000015258789,96.8398666381836,8000
2020-12-16,97.9000015258789,97.9000015258789,97.9000015258789,97.9000015258789,96.8398666381836,0
2020-12-17,97.9000015258789,97.9000015258789,97.9000015258789,97.9000015258789,96.8398666381836,0
2020-12-18,97.9000015258789,97.9000015258789,97.9000015258789,97.9000015258789,96.8398666381836,0
2020-12-21,81.0,98.75,81.0,96.75,95.70230865478516,15000
2020-12-22,96.75,96.75,96.75,96.75,95.70230865478516,0
2020-12-23,96.75,96.75,96.75,96.75,95.70230865478516,0
2020-12-24,96.75,96.75,96.75,96.75,95.70230865478516,0
2020-12-28,96.75,96.75,96.75,96.75,95.70230865478516,0
2020-12-29,91.0,94.0,90.0,94.0,92.98209381103516,4000
2020-12-30,94.0,97.0,92.0,92.0,91.00375366210938,7000
2020-12-31,92.0,92.0,92.0,92.0,91.00375366210938,2000
2021-01-01,96.0,96.0,96.0,96.0,94.96043395996094,2000
2021-01-04,92.0,95.0,92.0,93.0,91.99292755126953,3000
2021-01-05,93.0,93.0,92.0,92.0,91.00375366210938,3000
2021-01-06,92.0,92.0,92.0,92.0,91.00375366210938,0
2021-01-07,92.0,92.0,92.0,92.0,91.00375366210938,0
2021-01-08,93.0,93.0,93.0,93.0,91.99292755126953,2000
2021-01-11,93.0,93.0,93.0,93.0,91.99292755126953,0
2021-01-12,93.0,93.0,93.0,93.0,91.99292755126953,0
2021-01-13,93.0,93.0,93.0,93.0,91.99292755126953,0
2021-01-14,93.0,93.0,93.0,93.0,91.99292755126953,0
2021-01-15,93.0,93.0,93.0,93.0,91.99292755126953,0
2021-01-18,93.5,93.5,93.0,93.0,91.99292755126953,6000
2021-01-19,93.0,93.0,93.0,93.0,91.99292755126953,0
2021-01-20,93.0,93.0,93.0,93.0,91.99292755126953,0
2021-01-21,93.0,93.0,93.0,93.0,91.99292755126953,1000
2021-01-22,93.0,93.0,93.0,93.0,91.99292755126953,0
2021-01-25,92.0,92.0,92.0,92.0,91.00375366210938,3000
2021-01-27,92.0,92.0,92.0,92.0,91.00375366210938,0
2021-01-28,92.0,92.0,92.0,92.0,91.00375366210938,0
2021-01-29,92.0,92.0,92.0,92.0,91.00375366210938,0
2021-02-01,92.0,92.0,92.0,92.0,91.00375366210938,0
2021-02-02,92.0,92.0,92.0,92.0,91.00375366210938,0
2021-02-03,92.0,92.0,92.0,92.0,91.00375366210938,0
2021-02-04,92.0,92.0,92.0,92.0,91.00375366210938,0
2021-02-05,92.0,92.0,92.0,92.0,91.00375366210938,0
2021-02-08,92.0,92.0,92.0,92.0,91.00375366210938,0
2021-02-09,92.0,92.0,92.0,92.0,91.00375366210938,0
2021-02-10,92.0,92.0,92.0,92.0,91.00375366210938,0
2021-02-11,89.05000305175781,92.25,89.05000305175781,91.75,90.75646209716797,14000
2021-02-12,94.0,94.0,89.25,89.25,88.28353118896484,6000
2021-02-15,89.25,89.25,89.25,89.25,88.28353118896484,0
2021-02-16,89.25,89.25,89.25,89.25,88.28353118896484,0
2021-02-17,89.25,89.25,89.25,89.25,88.28353118896484,0
2021-02-18,89.05000305175781,98.55000305175781,89.05000305175781,98.55000305175781,97.48282623291016,2000
2021-02-19,98.55000305175781,98.55000305175781,98.55000305175781,98.55000305175781,97.48282623291016,0
2021-02-22,89.05000305175781,97.94999694824219,81.25,83.30000305175781,82.3979721069336,15000
2021-02-23,80.0,94.0,80.0,94.0,92.98209381103516,9000
2021-02-24,94.0,94.0,94.0,94.0,92.98209381103516,0
2021-02-25,94.0,94.0,94.0,94.0,92.98209381103516,0
2021-02-26,94.0,94.0,94.0,94.0,92.98209381103516,0
2021-03-01,94.0,94.0,94.0,94.0,92.98209381103516,0
2021-03-02,89.0,89.0,89.0,89.0,88.03623962402344,2000
2021-03-03,89.0,89.0,89.0,89.0,88.03623962402344,0
2021-03-04,89.0,89.0,89.0,89.0,88.03623962402344,0
2021-03-05,87.0,87.0,87.0,87.0,86.05789947509766,1000
2021-03-08,87.0,87.0,87.0,87.0,86.05789947509766,0
2021-03-09,85.0,85.0,85.0,85.0,84.07955169677734,2000
2021-03-10,85.0,85.0,85.0,85.0,84.07955169677734,0
2021-03-12,94.0,94.0,87.0,94.0,92.98209381103516,6000
2021-03-15,94.0,94.0,94.0,94.0,92.98209381103516,2000
2021-03-16,94.0,94.0,94.0,94.0,92.98209381103516,0
2021-03-17,94.0,94.0,94.0,94.0,92.98209381103516,0
2021-03-18,85.0,85.0,85.0,85.0,84.07955169677734,1000
2021-03-19,85.0,85.0,85.0,85.0,84.07955169677734,0
2021-03-22,85.0,85.0,85.0,85.0,84.07955169677734,0
2021-03-23,85.0,85.0,85.0,85.0,84.07955169677734,0
2021-03-24,85.0,85.0,85.0,85.0,84.07955169677734,0
2021-03-25,85.0,85.0,85.0,85.0,84.07955169677734,0
2021-03-26,85.0,85.0,85.0,85.0,84.07955169677734,0
2021-03-30,85.0,85.0,85.0,85.0,84.07955169677734,0
2021-03-31,85.0,85.0,85.0,85.0,84.07955169677734,0
2021-04-01,85.0,85.0,85.0,85.0,84.07955169677734,0
2021-04-05,85.0,85.0,85.0,85.0,84.07955169677734,0
2021-04-06,85.0,85.0,85.0,85.0,84.07955169677734,0
2021-04-07,85.0,85.0,85.0,85.0,84.07955169677734,0
2021-04-08,85.0,85.0,85.0,85.0,84.07955169677734,1000
2021-04-09,85.0,85.0,85.0,85.0,84.07955169677734,0
2021-04-12,82.0,82.0,82.0,82.0,81.11204528808594,2000
2021-04-13,82.0,82.0,82.0,82.0,81.11204528808594,0
2021-04-15,82.0,82.0,82.0,82.0,81.11204528808594,0
2021-04-16,82.0,82.0,82.0,82.0,81.11204528808594,0
2021-04-19,82.0,82.0,82.0,82.0,81.11204528808594,0
2021-04-20,82.0,82.0,82.0,82.0,81.11204528808594,0
2021-04-22,82.0,82.0,82.0,82.0,81.11204528808594,0
2021-04-23,80.0,80.0,80.0,80.0,79.13369750976562,2000
2021-04-26,80.0,80.0,80.0,80.0,79.13369750976562,0
2021-04-27,80.0,80.0,80.0,80.0,79.13369750976562,0
2021-04-28,80.0,80.0,80.0,80.0,79.13369750976562,0
2021-04-29,80.0,80.0,80.0,80.0,79.13369750976562,0
2021-04-30,80.0,80.0,80.0,80.0,79.13369750976562,0
2021-05-03,75.0,75.0,75.0,75.0,74.1878433227539,1000
2021-05-04,75.0,75.0,75.0,75.0,74.1878433227539,2000
2021-05-05,80.0,80.0,80.0,80.0,79.13369750976562,2000
2021-05-06,75.0,75.0,75.0,75.0,74.1878433227539,2000
2021-05-07,75.0,75.0,75.0,75.0,74.1878433227539,0
2021-05-10,75.0,75.0,75.0,75.0,74.1878433227539,0
2021-05-11,75.0,75.0,75.0,75.0,74.1878433227539,0
2021-05-12,75.0,75.0,75.0,75.0,74.1878433227539,0
2021-05-14,75.0,75.0,75.0,75.0,74.1878433227539,0
2021-05-17,75.0,75.0,75.0,75.0,74.1878433227539,0
2021-05-18,75.0,75.0,75.0,75.0,74.1878433227539,1000
2021-05-19,75.0,75.0,75.0,75.0,74.1878433227539,0
2021-05-20,72.0,80.0,72.0,80.0,79.13369750976562,2000
2021-05-21,80.0,80.0,80.0,80.0,79.13369750976562,1000
2021-05-24,81.0,81.0,78.0,78.0,77.15534973144531,2000
2021-05-25,75.0,82.0,72.0,82.0,81.11204528808594,4000
2021-05-26,75.0,80.0,75.0,80.0,79.13369750976562,2000
2021-05-27,75.0,80.0,75.0,78.3499984741211,77.50155639648438,3000
2021-05-28,78.3499984741211,78.3499984741211,78.3499984741211,78.3499984741211,77.50155639648438,0
2021-05-31,78.3499984741211,78.3499984741211,78.3499984741211,78.3499984741211,77.50155639648438,0
2021-06-01,78.3499984741211,78.3499984741211,78.3499984741211,78.3499984741211,77.50155639648438,0
2021-06-02,77.0,80.0,77.0,80.0,79.13369750976562,2000
2021-06-03,80.0,80.0,80.0,80.0,79.13369750976562,0
2021-06-04,80.0,80.0,80.0,80.0,79.13369750976562,0
2021-06-07,80.0,80.0,80.0,80.0,79.13369750976562,0
2021-06-08,81.0,81.0,77.0,79.94999694824219,79.084228515625,7000
2021-06-09,77.0,83.0,77.0,79.05000305175781,78.1939926147461,7000
2021-06-10,79.05000305175781,79.05000305175781,78.05000305175781,78.05000305175781,77.2048110961914,2000
2021-06-11,78.05000305175781,78.05000305175781,78.05000305175781,78.05000305175781,77.2048110961914,0
2021-06-14,78.05000305175781,78.05000305175781,78.05000305175781,78.05000305175781,77.2048110961914,0
2021-06-15,80.0,80.0,80.0,80.0,79.13369750976562,1000
2021-06-16,80.0,80.0,78.0,79.5999984741211,78.73802185058594,5000
2021-06-17,80.94999694824219,81.0,80.94999694824219,81.0,80.12287139892578,6000
2021-06-18,78.0,80.0,78.0,80.0,79.13369750976562,2000
2021-06-21,80.0,80.0,80.0,80.0,79.13369750976562,0
2021-06-22,80.0,80.0,80.0,80.0,79.13369750976562,0
2021-06-23,80.0,80.0,80.0,80.0,79.13369750976562,0
2021-06-24,80.0,80.0,80.0,80.0,79.13369750976562,0
2021-06-25,79.5,79.5,79.5,79.5,78.63911437988281,1000
2021-06-28,77.0,77.0,75.0,76.0,75.17700958251953,2000
2021-06-29,77.0,78.0,74.0,78.0,77.15534973144531,5000
2021-06-30,78.0,82.0,77.0,77.0,76.16618347167969,3000
2021-07-01,77.0,77.0,77.0,77.0,76.16618347167969,1000
2021-07-02,76.0,79.9000015258789,76.0,79.9000015258789,79.03477478027344,2000
2021-07-05,79.9000015258789,79.9000015258789,79.9000015258789,79.9000015258789,79.03477478027344,0
2021-07-06,79.9000015258789,79.9000015258789,79.9000015258789,79.9000015258789,79.03477478027344,0
2021-07-07,77.0,77.0,77.0,77.0,76.16618347167969,1000
2021-07-08,80.0,80.0,80.0,80.0,79.13369750976562,13000
2021-07-09,80.0,80.0,80.0,80.0,79.13369750976562,0
2021-07-12,83.0,93.5,83.0,90.0,89.02540588378906,15000
2021-07-13,90.0,90.0,90.0,90.0,89.02540588378906,1000
2021-07-14,89.5,89.5,89.5,89.5,88.53082275390625,1000
2021-07-15,92.5,92.5,88.25,88.25,87.29436492919922,2000
2021-07-16,88.25,88.25,88.25,88.25,87.29436492919922,1000
2021-07-19,88.0,98.9000015258789,86.0,90.0,89.02540588378906,35000
2021-07-20,93.0,95.0,92.9000015258789,95.0,93.97126770019531,10000
2021-07-22,95.0,95.0,95.0,95.0,93.97126770019531,0
2021-07-23,94.0,94.75,90.1500015258789,93.94999694824219,92.93263244628906,19000
2021-07-26,95.0,108.0,94.0,101.0,99.90628814697266,23000
2021-07-27,101.75,110.0,101.69999694824219,103.80000305175781,102.67597198486328,65000
2021-07-28,109.0,109.0,109.0,109.0,107.81966400146484,7000
2021-07-29,115.0,115.0,115.0,115.0,114.2789077758789,2000
2021-07-30,119.5,125.0,119.5,123.0,122.22875213623047,8000
2021-08-02,117.0,128.0,117.0,118.8499984741211,118.10476684570312,40000
2021-08-03,125.0,135.0,125.0,134.5,133.65663146972656,20000
2021-08-04,140.0,145.0,137.0,137.5,136.6378173828125,14000
2021-08-05,135.0,140.0,130.0,140.0,139.12216186523438,16000
2021-08-06,140.25,145.0,135.0,135.0,134.1534881591797,14000
2021-08-09,130.0,130.0,130.0,130.0,129.18484497070312,1000
2021-08-10,130.0,130.0,130.0,130.0,129.18484497070312,0
2021-08-11,127.05000305175781,127.05000305175781,120.0,125.0,124.21620178222656,6000
2021-08-12,125.0999984741211,125.5,124.94999694824219,125.44999694824219,124.66337585449219,15000
2021-08-13,126.0,127.05000305175781,126.0,127.05000305175781,126.25334930419922,15000
2021-08-16,127.05000305175781,127.05000305175781,127.05000305175781,127.05000305175781,126.25334930419922,0
2021-08-17,128.0,130.0,122.0,129.0,128.19113159179688,31000
2021-08-18,130.0,131.0,130.0,130.9499969482422,130.12890625,12000
2021-08-20,130.25,142.0,130.0500030517578,136.5,135.6440887451172,21000
2021-08-23,130.25,144.0,128.0,131.0500030517578,130.22828674316406,18000
2021-08-24,140.0,142.0,136.0,141.6999969482422,140.8114776611328,16000
2021-08-25,130.0,143.4499969482422,130.0,142.0,141.10960388183594,35000
2021-08-26,135.10000610351562,135.10000610351562,126.5999984741211,129.39999389648438,128.58860778808594,58000
2021-08-27,127.0,132.0,126.0,126.9000015258789,126.10429382324219,70000
2021-08-30,126.9000015258789,126.9000015258789,126.9000015258789,126.9000015258789,126.10429382324219,0
2021-08-31,126.9000015258789,126.9000015258789,126.9000015258789,126.9000015258789,126.10429382324219,0
2021-09-01,130.10000610351562,130.10000610351562,120.05000305175781,121.0,120.24127960205078,43000
2021-09-02,129.0,143.4499969482422,129.0,143.14999389648438,142.2523956298828,50000
2021-09-03,143.14999389648438,156.9499969482422,142.10000610351562,156.9499969482422,155.9658660888672,84000
2021-09-06,156.9499969482422,182.39999389648438,156.9499969482422,180.9499969482422,179.81536865234375,35000
2021-09-07,188.0,194.8000030517578,181.0,181.0,179.8650665283203,32000
2021-09-08,180.10000610351562,185.0,180.0,185.0,183.83998107910156,5000
2021-09-09,186.89999389648438,186.9499969482422,184.9499969482422,185.0,183.83998107910156,13000
2021-09-13,184.0,184.0,181.5,181.5,180.36192321777344,2000
2021-09-14,181.0,181.0,176.5,180.0,178.871337890625,6000
2021-09-15,180.0,180.0,180.0,180.0,178.871337890625,0
2021-09-16,180.0,180.0,180.0,180.0,178.871337890625,0
2021-09-17,172.10000610351562,172.10000610351562,172.0,172.0,170.92149353027344,2000
2021-09-20,164.10000610351562,165.0,163.39999389648438,165.0,163.9653778076172,13000
2021-09-21,165.0,165.0,165.0,165.0,163.9653778076172,0
2021-09-22,172.4499969482422,173.1999969482422,172.4499969482422,173.1999969482422,172.1139678955078,25000
2021-09-23,179.9499969482422,181.85000610351562,179.9499969482422,181.5,180.36192321777344,32000
2021-09-24,188.35000610351562,189.9499969482422,186.10000610351562,189.39999389648438,188.21238708496094,29000
2021-09-27,175.25,185.0,175.25,185.0,183.83998107910156,2000
2021-09-28,185.0,185.0,185.0,185.0,183.83998107910156,0
2021-09-29,192.9499969482422,193.0,192.0,192.0,190.7960968017578,21000
2021-09-30,188.0,188.0,188.0,188.0,186.8211669921875,2000
2021-10-01,178.5,182.0,178.3000030517578,181.8000030517578,180.66004943847656,6000
2021-10-04,180.0,180.0,180.0,180.0,178.871337890625,3000
2021-10-05,183.5500030517578,183.5500030517578,178.0,178.0,176.8838653564453,11000
2021-10-06,178.0,178.0,178.0,178.0,176.8838653564453,0
2021-10-07,170.0,170.0,164.5,165.0,163.9653778076172,4000
2021-10-08,165.0,165.0,165.0,165.0,163.9653778076172,0
2021-10-11,165.0,165.0,165.0,165.0,163.9653778076172,0
2021-10-12,165.0,165.0,165.0,165.0,163.9653778076172,1000
2021-10-13,165.0,165.0,165.0,165.0,163.9653778076172,1000
2021-10-14,149.10000610351562,151.10000610351562,149.0,150.0,149.0594482421875,9000
2021-10-18,150.0,150.0,150.0,150.0,149.0594482421875,0
2021-10-19,142.0,142.0,142.0,142.0,141.10960388183594,4000
2021-10-20,142.0,142.0,142.0,142.0,141.10960388183594,0
2021-10-21,154.9499969482422,156.0,154.9499969482422,156.0,155.0218048095703,3000
2021-10-22,147.0,147.0500030517578,147.0,147.0500030517578,146.1279296875,18000
2021-10-25,147.0500030517578,147.0500030517578,147.0500030517578,147.0500030517578,146.1279296875,0
2021-10-26,147.0500030517578,147.0500030517578,147.0500030517578,147.0500030517578,146.1279296875,0
2021-10-27,160.0,161.75,160.0,161.75,160.7357635498047,4000
2021-10-28,161.75,161.75,161.75,161.75,160.7357635498047,0
2021-10-29,161.75,161.75,161.75,161.75,160.7357635498047,0
2021-11-01,161.75,161.75,161.75,161.75,160.7357635498047,0
2021-11-02,172.0,172.0,172.0,172.0,170.92149353027344,1000
2021-11-03,172.0,172.0,172.0,172.0,170.92149353027344,0
2021-11-04,172.0,172.0,172.0,172.0,170.92149353027344,0
2021-11-08,172.0,172.0,172.0,172.0,170.92149353027344,0
2021-11-09,172.0,172.0,172.0,172.0,170.92149353027344,0
2021-11-10,172.0,172.0,172.0,172.0,170.92149353027344,0
2021-11-11,172.0,172.0,172.0,172.0,170.92149353027344,0
2021-11-12,156.10000610351562,156.39999389648438,155.0500030517578,155.8000030517578,154.82308959960938,10000
2021-11-15,155.8000030517578,155.8000030517578,155.8000030517578,155.8000030517578,154.82308959960938,0
2021-11-16,155.8000030517578,155.8000030517578,155.8000030517578,155.8000030517578,154.82308959960938,0
2021-11-17,155.8000030517578,155.8000030517578,155.8000030517578,155.8000030517578,154.82308959960938,0
2021-11-18,165.0,165.0,155.0,155.0,154.02809143066406,7000
2021-11-22,155.0,155.0,155.0,155.0,154.02809143066406,0
2021-11-23,155.0,155.0,155.0,155.0,154.02809143066406,0
2021-11-24,155.0,155.0,155.0,155.0,154.02809143066406,0
2021-11-25,155.0,155.0,155.0,155.0,154.02809143066406,0
2021-11-26,155.0,155.0,155.0,155.0,154.02809143066406,0
2021-11-29,155.0,155.0,155.0,155.0,154.02809143066406,0
2021-11-30,155.0,159.5,155.0,159.5,158.4998779296875,4000
2021-12-01,144.5500030517578,156.5,144.5500030517578,156.5,155.51869201660156,10000
2021-12-02,147.0,155.89999389648438,147.0,155.89999389648438,154.92242431640625,3000
2021-12-03,155.89999389648438,155.89999389648438,155.89999389648438,155.89999389648438,154.92242431640625,0
2021-12-06,160.0,160.0,150.0,150.0,149.0594482421875,2000
2021-12-07,150.0,150.0,150.0,150.0,149.0594482421875,1000
2021-12-08,150.0,150.0,150.0,150.0,149.0594482421875,0
2021-12-09,155.0,156.0,150.0,150.0,149.0594482421875,6000
2021-12-10,150.0,150.0,150.0,150.0,149.55796813964844,0
2021-12-13,150.0,150.0,150.0,150.0,149.55796813964844,1000
2021-12-14,152.0,152.0,151.89999389648438,152.0,151.5520782470703,6000
2021-12-15,157.0,158.0,153.0,153.0,152.5491180419922,13000
2021-12-16,153.1999969482422,156.0,153.0,153.0,152.5491180419922,13000
2021-12-17,155.0,155.0,148.64999389648438,148.64999389648438,148.21192932128906,9000
2021-12-20,142.10000610351562,142.10000610351562,142.0,142.0,141.58154296875,2000
2021-12-21,142.0,142.0,142.0,142.0,141.58154296875,0
2021-12-22,142.0,142.0,142.0,142.0,141.58154296875,0
2021-12-23,144.0,146.0,144.0,145.64999389648438,145.2207794189453,5000
2021-12-24,149.89999389648438,149.89999389648438,149.89999389648438,149.89999389648438,149.458251953125,1000
2021-12-27,149.89999389648438,149.89999389648438,149.89999389648438,149.89999389648438,149.458251953125,0
2021-12-28,143.10000610351562,150.0,143.0,150.0,149.55796813964844,5000
2021-12-29,150.0,150.0,149.89999389648438,149.9499969482422,149.50811767578125,13000
2021-12-30,150.0,150.0,143.0,143.8000030517578,143.37623596191406,13000
2021-12-31,148.0,148.0,148.0,148.0,147.56387329101562,2000
2022-01-03,148.5,149.75,145.0500030517578,145.0500030517578,144.62255859375,7000
2022-01-04,149.0,150.0,138.5500030517578,148.8000030517578,148.36151123046875,23000
2022-01-05,148.0,154.0,148.0,150.0,149.55796813964844,15000
2022-01-06,157.0,157.5,150.0,157.5,157.03587341308594,13000
2022-01-07,165.0,165.35000610351562,158.5,158.5,158.0329132080078,16000
2022-01-10,160.35000610351562,166.39999389648438,160.25,162.0,161.52261352539062,15000
2022-01-11,169.0,170.10000610351562,156.0,159.89999389648438,159.42880249023438,8000
2022-01-12,156.5,167.85000610351562,156.5,167.85000610351562,167.35537719726562,29000
2022-01-13,176.0,176.1999969482422,171.0500030517578,176.1999969482422,175.68075561523438,12000
2022-01-14,170.0500030517578,185.0,170.0500030517578,182.0,181.4636688232422,11000
2022-01-17,191.0,191.0,177.0,189.89999389648438,189.3403778076172,17000
2022-01-18,189.89999389648438,197.85000610351562,181.3000030517578,185.0500030517578,184.5046844482422,21000
2022-01-19,185.0,185.0,180.0500030517578,180.0500030517578,179.5194091796875,5000
2022-01-20,176.0,181.0,176.0,178.3000030517578,177.7745819091797,23000
2022-01-21,178.0,178.0,172.0500030517578,172.14999389648438,171.64268493652344,4000
2022-01-24,165.0,170.0,165.0,170.0,169.49903869628906,2000
2022-01-25,169.0,169.0,165.0500030517578,165.14999389648438,164.66331481933594,13000
2022-01-27,165.14999389648438,165.14999389648438,165.14999389648438,165.14999389648438,164.66331481933594,0
2022-01-28,170.0500030517578,171.14999389648438,170.0500030517578,171.0,170.49607849121094,5000
2022-01-31,178.9499969482422,178.9499969482422,173.0500030517578,173.10000610351562,172.58990478515625,3000
2022-02-01,181.75,181.75,165.0500030517578,181.75,181.2144012451172,9000
2022-02-02,182.0,188.0,182.0,188.0,187.4459991455078,7000
2022-02-03,185.0500030517578,191.8000030517578,185.0,190.0,189.44009399414062,27000
2022-02-04,181.5500030517578,194.10000610351562,181.5500030517578,194.10000610351562,193.52801513671875,18000
2022-02-07,187.5,188.5,187.5,188.14999389648438,187.5955352783203,6000
2022-02-08,185.0,194.5,179.0,184.5500030517578,184.0061492919922,30000
2022-02-09,183.1999969482422,193.75,183.1999969482422,187.35000610351562,186.79791259765625,5000
2022-02-10,187.0,196.6999969482422,187.0,196.6999969482422,196.12034606933594,20000
2022-02-11,196.6999969482422,206.5,196.6999969482422,205.0,204.39588928222656,20000
2022-02-14,196.10000610351562,211.85000610351562,196.0,206.0,205.3929443359375,10000
2022-02-15,197.3000030517578,207.9499969482422,197.3000030517578,200.0,199.41061401367188,11000
2022-02-16,209.0,209.0,200.0500030517578,200.0500030517578,199.46047973632812,5000
2022-02-17,208.8000030517578,208.8000030517578,200.0500030517578,200.0500030517578,199.46047973632812,3000
2022-02-18,192.0,192.10000610351562,190.10000610351562,190.10000610351562,189.53981018066406,20000
2022-02-21,181.0,194.0,180.60000610351562,182.5500030517578,182.01205444335938,35000
2022-02-22,183.10000610351562,190.89999389648438,183.10000610351562,183.14999389648438,182.6102752685547,4000
2022-02-23,189.9499969482422,189.9499969482422,184.5500030517578,184.60000610351562,184.05601501464844,4000
2022-02-24,178.10000610351562,178.5,175.5,175.5,174.9828338623047,19000
2022-02-25,182.9499969482422,184.0,182.9499969482422,184.0,183.45777893066406,4000
2022-02-28,183.0,192.89999389648438,178.0,178.0,177.47544860839844,11000
2022-03-02,174.0,177.0,173.0500030517578,176.6999969482422,176.17929077148438,4000
2022-03-03,180.0,185.5,175.6999969482422,185.25,184.7041015625,6000
2022-03-04,191.9499969482422,194.5,176.0500030517578,194.5,193.9268341064453,13000
2022-03-07,185.3000030517578,190.0,185.3000030517578,190.0,189.44009399414062,5000
2022-03-08,189.0,189.9499969482422,185.10000610351562,187.0500030517578,186.498779296875,9000
2022-03-09,196.0,196.0,186.39999389648438,189.64999389648438,189.09112548828125,4000
2022-03-10,189.64999389648438,189.64999389648438,189.64999389648438,189.64999389648438,189.09112548828125,0
2022-03-11,199.0,199.0500030517578,199.0,199.0500030517578,198.4634246826172,4000
2022-03-14,189.39999389648438,195.0,189.39999389648438,195.0,194.4253692626953,11000
2022-03-15,188.5500030517578,188.5500030517578,188.5500030517578,188.5500030517578,187.99436950683594,1000
2022-03-16,188.5500030517578,188.5500030517578,188.5500030517578,188.5500030517578,187.99436950683594,0
2022-03-17,190.25,192.0,190.25,192.0,191.43418884277344,9000
2022-03-21,201.0,201.60000610351562,191.1999969482422,197.0,196.41946411132812,13000
2022-03-22,197.0500030517578,206.85000610351562,197.0500030517578,198.10000610351562,197.5162353515625,3000
2022-03-23,190.39999389648438,208.0,190.39999389648438,208.0,207.38705444335938,19000
2022-03-24,208.0,208.0,208.0,208.0,207.38705444335938,1000
2022-03-25,200.5500030517578,200.5500030517578,200.5500030517578,200.5500030517578,199.95899963378906,21000
2022-03-28,201.5,201.5,201.39999389648438,201.4499969482422,200.85635375976562,10000
2022-03-29,200.10000610351562,200.10000610351562,200.10000610351562,200.10000610351562,199.5103302001953,1000
2022-03-30,209.9499969482422,209.9499969482422,209.9499969482422,209.9499969482422,209.331298828125,2000
2022-03-31,204.60000610351562,204.60000610351562,203.1999969482422,203.1999969482422,202.6011962890625,3000
2022-04-01,209.0,213.0,205.0500030517578,205.0500030517578,204.44573974609375,4000
2022-04-04,195.0500030517578,195.0500030517578,195.0500030517578,195.0500030517578,194.4752197265625,1000
2022-04-05,195.0500030517578,195.0500030517578,195.0500030517578,195.0500030517578,194.4752197265625,0
2022-04-06,190.14999389648438,190.14999389648438,190.14999389648438,190.14999389648438,189.5896453857422,1000
2022-04-07,190.14999389648438,190.14999389648438,190.14999389648438,190.14999389648438,189.5896453857422,0
2022-04-08,208.8000030517578,208.8000030517578,192.25,193.75,193.17904663085938,5000
2022-04-11,193.75,193.75,193.75,193.75,193.17904663085938,0
2022-04-12,193.75,193.75,193.75,193.75,193.17904663085938,0
2022-04-13,193.75,193.75,193.75,193.75,193.17904663085938,0
2022-04-18,160.0500030517578,192.5500030517578,160.0500030517578,192.5500030517578,191.98257446289062,9000
2022-04-19,180.0,211.8000030517578,176.0,211.8000030517578,211.1758575439453,56000
2022-04-20,193.5500030517578,204.0,193.5500030517578,204.0,203.39883422851562,30000
2022-04-21,191.0500030517578,210.0,191.0500030517578,196.3000030517578,195.72152709960938,7000
2022-04-22,185.0,215.89999389648438,185.0,215.4499969482422,214.81509399414062,34000
2022-04-25,215.0,215.0,215.0,215.0,214.36642456054688,24000
2022-04-26,197.0500030517578,215.0,197.0500030517578,215.0,214.36642456054688,12000
2022-04-27,200.0500030517578,200.0500030517578,200.0500030517578,200.0500030517578,199.46047973632812,6000
2022-04-28,180.60000610351562,212.5,180.60000610351562,199.0,198.41357421875,47000
2022-04-29,199.0,199.0,199.0,199.0,198.41357421875,0
2022-05-02,186.0,203.64999389648438,186.0,187.60000610351562,187.0471649169922,13000
2022-05-04,200.0,204.0,200.0,202.0,201.4047393798828,23000
2022-05-05,214.0,222.0,200.5500030517578,211.0,210.37820434570312,34000
2022-05-06,210.0,232.0,210.0,232.0,231.31631469726562,28000
2022-05-09,212.10000610351562,213.0500030517578,212.10000610351562,212.39999389648438,211.77407836914062,3000
2022-05-10,228.39999389648438,233.5,228.39999389648438,231.75,231.0670623779297,3000
2022-05-11,254.89999389648438,254.89999389648438,250.0,254.89999389648438,254.14883422851562,38000
2022-05-12,267.6000061035156,267.6000061035156,267.6000061035156,267.6000061035156,266.8114318847656,6765
2022-05-13,280.95001220703125,280.95001220703125,280.95001220703125,280.95001220703125,280.1220703125,1450
2022-05-16,294.95001220703125,294.95001220703125,266.95001220703125,292.6000061035156,291.7377624511719,41542
2022-05-17,306.8500061035156,307.0,300.0,306.95001220703125,306.0454406738281,9558
2022-05-18,314.95001220703125,316.0,292.25,295.5,294.62921142578125,10327
2022-05-19,286.0,292.8500061035156,281.0,285.29998779296875,284.459228515625,4858
2022-05-20,281.04998779296875,299.54998779296875,281.04998779296875,298.95001220703125,298.0690612792969,2685
2022-05-23,298.95001220703125,307.0,285.3500061035156,294.3999938964844,293.5324401855469,4611
2022-05-24,299.54998779296875,302.0,292.54998779296875,297.6000061035156,296.7230224609375,13027
2022-05-25,282.75,296.0,282.75,288.5,287.6498107910156,4309
2022-05-26,280.79998779296875,287.5,274.1000061035156,286.0,285.1571960449219,5100
2022-05-27,283.6000061035156,285.0,280.5,283.3500061035156,282.5150146484375,702
2022-05-30,283.3500061035156,286.0,280.20001220703125,283.8999938964844,283.0633850097656,12680
2022-05-31,285.95001220703125,285.95001220703125,281.6499938964844,282.0,281.1689758300781,391
2022-06-01,287.0,289.95001220703125,282.0,282.95001220703125,282.1162109375,7867
2022-06-02,282.95001220703125,286.0,269.95001220703125,283.25,282.415283203125,9737
2022-06-03,286.1499938964844,292.25,275.25,278.5,277.6792907714844,4114
2022-06-06,278.5,292.3999938964844,275.1499938964844,290.54998779296875,289.69378662109375,11265
2022-06-07,290.0,298.79998779296875,285.1499938964844,292.75,291.8873291015625,6656
2022-06-08,305.0,305.0,292.79998779296875,294.1000061035156,293.2333068847656,774
2022-06-09,292.04998779296875,298.04998779296875,282.04998779296875,287.04998779296875,286.6914978027344,979
2022-06-10,284.3999938964844,291.3500061035156,281.95001220703125,285.1000061035156,284.74395751953125,8655
2022-06-13,281.29998779296875,289.70001220703125,273.0,283.45001220703125,283.09600830078125,3244
2022-06-14,292.95001220703125,292.95001220703125,277.54998779296875,278.29998779296875,277.9524230957031,633
2022-06-15,276.0,282.70001220703125,275.04998779296875,281.04998779296875,280.698974609375,993
2022-06-16,280.0,286.6499938964844,271.1000061035156,281.0,280.6490478515625,396
2022-06-17,260.0,288.95001220703125,260.0,277.3999938964844,277.0535583496094,1512
2022-06-20,259.95001220703125,279.1000061035156,259.95001220703125,272.1000061035156,271.76019287109375,819
2022-06-21,287.0,287.0,264.95001220703125,270.5,270.16217041015625,11613
2022-06-22,285.70001220703125,285.70001220703125,245.5500030517578,272.3500061035156,272.0098571777344,7495
2022-06-23,276.3500061035156,277.20001220703125,267.95001220703125,270.0,269.6628112792969,277
2022-06-24,275.20001220703125,279.3999938964844,270.0,270.95001220703125,270.61163330078125,471
2022-06-27,269.04998779296875,277.20001220703125,259.3999938964844,270.29998779296875,269.96240234375,908
2022-06-28,260.79998779296875,279.79998779296875,255.89999389648438,276.3999938964844,276.0548095703125,1802
2022-06-29,285.3999938964844,285.3999938964844,267.0,274.6499938964844,274.3069763183594,1427
2022-06-30,280.1499938964844,284.0,270.0,275.20001220703125,274.8563232421875,1510
2022-07-01,287.04998779296875,293.6000061035156,271.0,293.45001220703125,293.0835266113281,1617
2022-07-04,299.3500061035156,322.75,295.0,316.5,316.104736328125,6035
2022-07-05,325.0,345.95001220703125,323.1000061035156,339.0,338.5766296386719,14576
2022-07-06,328.1000061035156,358.79998779296875,312.6000061035156,344.79998779296875,344.3693542480469,9599
2022-07-07,353.70001220703125,357.6499938964844,337.0,354.0,353.5578918457031,6739
2022-07-08,363.95001220703125,363.95001220703125,338.8999938964844,342.0,341.5728759765625,4347
2022-07-11,359.04998779296875,359.04998779296875,327.54998779296875,342.25,341.82257080078125,15908
2022-07-12,338.20001220703125,348.79998779296875,338.20001220703125,341.45001220703125,341.0235900878906,1939
2022-07-13,342.6000061035156,349.5,339.0,339.6499938964844,339.2257995605469,2091
2022-07-14,332.1000061035156,344.20001220703125,332.1000061035156,339.29998779296875,338.8762512207031,8878
2022-07-15,340.3999938964844,344.29998779296875,336.0,341.54998779296875,341.1234130859375,4410
2022-07-18,341.29998779296875,350.04998779296875,335.5,343.8999938964844,343.4704895019531,10439
2022-07-19,337.79998779296875,342.25,337.3999938964844,340.25,339.8250732421875,4101
2022-07-20,336.04998779296875,351.6499938964844,336.04998779296875,343.1000061035156,342.6715087890625,3294
2022-07-21,338.3500061035156,341.1499938964844,335.0,335.5,335.08099365234375,2234
2022-07-22,350.0,350.0,333.25,337.20001220703125,336.77886962890625,2451
2022-07-25,339.95001220703125,344.29998779296875,336.0,337.3999938964844,336.9786071777344,3465
2022-07-26,332.8999938964844,335.8500061035156,330.0,333.04998779296875,332.634033203125,1440
2022-07-27,326.0,340.0,326.0,338.54998779296875,338.1271667480469,1643
2022-07-28,340.95001220703125,345.8500061035156,334.8500061035156,341.0,340.5741271972656,1688
2022-07-29,340.8999938964844,341.8500061035156,328.25,334.6000061035156,334.18212890625,3962
2022-08-01,344.8999938964844,344.8999938964844,321.20001220703125,335.45001220703125,335.03106689453125,1502
2022-08-02,331.79998779296875,336.0,325.20001220703125,329.3999938964844,328.9886169433594,2592
2022-08-03,327.45001220703125,330.0,322.0,324.04998779296875,323.6452941894531,1421
2022-08-04,322.95001220703125,326.04998779296875,312.45001220703125,316.3999938964844,316.0048522949219,2097
2022-08-05,318.75,328.8500061035156,317.5,326.6000061035156,326.1921081542969,1220
2022-08-08,331.04998779296875,335.0,327.8999938964844,332.04998779296875,331.6352844238281,1480
2022-08-10,322.04998779296875,341.95001220703125,320.04998779296875,339.3500061035156,338.9261779785156,469
2022-08-11,330.04998779296875,348.95001220703125,330.04998779296875,346.6499938964844,346.2170715332031,3790
2022-08-12,340.04998779296875,350.0,335.1000061035156,345.75,345.3182067871094,1160
2022-08-16,357.0,357.95001220703125,347.6499938964844,353.1499938964844,352.7089538574219,1945
2022-08-17,355.29998779296875,364.75,342.0,358.6499938964844,358.20208740234375,2312
2022-08-18,345.0,363.3999938964844,341.1000061035156,359.8999938964844,359.4505310058594,1125
2022-08-19,343.29998779296875,362.95001220703125,343.29998779296875,357.6499938964844,357.2033386230469,10747
2022-08-22,359.6499938964844,362.04998779296875,343.0,350.25,349.81256103515625,13793
2022-08-23,353.04998779296875,360.04998779296875,348.95001220703125,357.6499938964844,357.2033386230469,14073
2022-08-24,375.0,375.5,353.0,356.0,355.5553894042969,10732
2022-08-25,353.70001220703125,370.0,353.70001220703125,365.45001220703125,364.99359130859375,20345
2022-08-26,370.0,375.0,356.54998779296875,374.79998779296875,374.3319091796875,15679
2022-08-29,373.6499938964844,373.6499938964844,357.25,370.54998779296875,370.08721923828125,10352
2022-08-30,368.5,389.04998779296875,362.0,389.04998779296875,388.5641174316406,10967
2022-09-01,405.0,405.0,380.04998779296875,380.8999938964844,380.4242858886719,8892
2022-09-02,392.3500061035156,392.3500061035156,365.0,368.0,367.5404052734375,3505
2022-09-05,370.8999938964844,383.8999938964844,365.0,375.8500061035156,375.380615234375,9635
2022-09-06,388.1499938964844,394.0,375.0,383.95001220703125,383.4704895019531,9716
2022-09-07,391.75,399.8999938964844,380.0,395.29998779296875,394.8063049316406,9580
2022-09-08,407.8999938964844,412.8999938964844,393.20001220703125,400.3500061035156,399.8500061035156,10941
2022-09-09,402.04998779296875,410.5,390.95001220703125,404.0,404.0,12536
2022-09-12,404.95001220703125,408.04998779296875,397.3500061035156,404.5,404.5,13999
2022-09-13,405.0,405.0,395.0,404.0,404.0,1070
2022-09-14,415.0,415.0,393.0,393.0,393.0,1556
2022-09-15,393.0,399.0,391.0,391.5,391.5,1366
2022-09-16,390.0,395.0,380.0,380.04998779296875,380.04998779296875,1798
2022-09-19,391.45001220703125,391.45001220703125,367.04998779296875,368.04998779296875,368.04998779296875,80
2022-09-20,375.45001220703125,379.8999938964844,370.0,371.8999938964844,371.8999938964844,1241
2022-09-21,375.0,375.0,366.04998779296875,371.0,371.0,488
2022-09-22,371.0,374.8999938964844,370.0,374.1499938964844,374.1499938964844,1589
2022-09-23,372.0,372.0,355.5,364.95001220703125,364.95001220703125,1632
2022-09-26,360.0,379.8999938964844,348.0,366.25,366.25,1501
2022-09-27,366.0,379.0,355.04998779296875,375.8999938964844,375.8999938964844,3241
2022-09-28,379.95001220703125,379.95001220703125,360.04998779296875,372.8999938964844,372.8999938964844,1190
2022-09-29,373.0,374.0,365.0,373.95001220703125,373.95001220703125,2068
2022-09-30,356.04998779296875,384.5,356.04998779296875,378.0,378.0,2452
2022-10-03,379.95001220703125,379.95001220703125,365.0,373.6000061035156,373.6000061035156,4308
2022-10-04,374.04998779296875,374.1000061035156,369.79998779296875,374.1000061035156,374.1000061035156,1370
2022-10-06,392.45001220703125,392.45001220703125,373.0,379.95001220703125,379.95001220703125,1102
2022-10-07,379.0,380.0,364.1000061035156,377.25,377.25,759
2022-10-10,370.0,372.8999938964844,366.79998779296875,369.8999938964844,369.8999938964844,2217
2022-10-11,375.0,375.0,368.3999938964844,368.5,368.5,1220
2022-10-12,352.04998779296875,386.45001220703125,352.04998779296875,359.45001220703125,359.45001220703125,505
2022-10-13,354.0,360.0,341.54998779296875,351.3999938964844,351.3999938964844,649
2022-10-14,360.0,360.0,333.8500061035156,334.95001220703125,334.95001220703125,2590
2022-10-17,320.0,350.0,319.04998779296875,348.70001220703125,348.70001220703125,334
2022-10-18,342.5,342.5,335.0,335.0,335.0,249
2022-10-19,340.0,344.0,335.0,335.20001220703125,335.20001220703125,151
2022-10-20,340.0,340.0,335.0,335.95001220703125,335.95001220703125,95
2022-10-21,326.29998779296875,344.5,325.0,340.1499938964844,340.1499938964844,2218
2022-10-24,348.95001220703125,355.0,344.0,354.3500061035156,354.3500061035156,623
2022-10-25,336.70001220703125,354.0,336.6499938964844,348.5,348.5,2031
2022-10-27,347.0,357.0,347.0,356.75,356.75,1059
2022-10-28,350.0,356.0,350.0,352.0,352.0,158
2022-10-31,350.0,350.0,348.1000061035156,350.0,350.0,1590
2022-11-01,350.0,357.0,345.0,348.79998779296875,348.79998779296875,2567
2022-11-02,344.0,350.0,343.1000061035156,349.95001220703125,349.95001220703125,991
2022-11-03,345.0,354.0,335.0,350.1000061035156,350.1000061035156,3318
2022-11-04,358.0,358.0,333.1499938964844,349.0,349.0,4562
2022-11-07,348.0,349.0,331.54998779296875,337.79998779296875,337.79998779296875,1725
2022-11-09,342.95001220703125,343.0,334.0,339.6000061035156,339.6000061035156,1023
2022-11-10,322.70001220703125,355.0,322.70001220703125,339.1499938964844,339.1499938964844,2972
2022-11-11,340.1000061035156,349.0,337.0,344.0,344.0,902
2022-11-14,345.0,350.0,339.0,350.0,350.0,2956
2022-11-15,346.04998779296875,350.0,345.0,349.04998779296875,349.04998779296875,2316
2022-11-16,349.0,350.0,344.0,347.0,347.0,2429
2022-11-17,350.0,350.0,338.0,338.0,338.0,292
2022-11-18,340.0,342.0,329.8999938964844,335.45001220703125,335.45001220703125,2060
2022-11-21,345.0,345.0,318.70001220703125,328.6499938964844,328.6499938964844,2527
2022-11-22,313.04998779296875,328.0,313.04998779296875,326.0,326.0,388
2022-11-23,328.0,342.29998779296875,318.1499938964844,339.95001220703125,339.95001220703125,479
2022-11-24,339.95001220703125,339.95001220703125,339.95001220703125,339.95001220703125,339.95001220703125,0
2022-11-25,344.95001220703125,344.95001220703125,324.04998779296875,335.04998779296875,335.04998779296875,963
2022-11-28,335.0,335.0,330.0,331.75,331.75,2031
2022-11-29,331.75,335.0,326.0,333.95001220703125,333.95001220703125,2218
2022-11-30,331.04998779296875,345.0,329.95001220703125,330.0,330.0,1669
2022-12-01,330.0,331.0,322.0,325.0,325.0,9014
2022-12-02,322.0,329.95001220703125,321.0,322.54998779296875,322.54998779296875,5054
2022-12-05,325.0,330.0,320.0,330.0,330.0,7199
2022-12-06,322.6000061035156,340.0,322.0,329.3500061035156,329.3500061035156,5262
2022-12-07,340.0,340.0,315.0,322.75,322.75,14403
2022-12-08,324.1000061035156,329.8999938964844,324.1000061035156,328.0,328.0,9486
2022-12-09,343.75,343.8999938964844,327.0,327.0,327.0,6738
2022-12-12,327.0,329.8999938964844,324.70001220703125,324.95001220703125,324.95001220703125,6135
2022-12-13,328.0,330.0,324.04998779296875,324.79998779296875,324.79998779296875,6466
2022-12-14,330.0,330.0,324.1499938964844,326.79998779296875,326.79998779296875,11901
2022-12-15,329.8500061035156,329.95001220703125,320.20001220703125,326.79998779296875,326.79998779296875,9620
2022-12-16,327.95001220703125,330.8500061035156,326.04998779296875,326.1499938964844,326.1499938964844,2423
2022-12-19,331.79998779296875,342.45001220703125,325.5,333.3500061035156,333.3500061035156,6508
2022-12-20,330.04998779296875,343.95001220703125,330.04998779296875,340.45001220703125,340.45001220703125,4371
2022-12-21,340.45001220703125,342.8500061035156,326.0,327.79998779296875,327.79998779296875,6177
2022-12-22,335.70001220703125,337.0,325.0,325.20001220703125,325.20001220703125,6239
2022-12-23,324.1499938964844,339.95001220703125,324.1499938964844,339.25,339.25,7169
2022-12-26,344.29998779296875,346.8999938964844,333.1000061035156,345.20001220703125,345.20001220703125,3154
2022-12-27,345.20001220703125,352.8999938964844,339.95001220703125,348.95001220703125,348.95001220703125,5774
2022-12-28,349.6499938964844,355.8999938964844,340.0,347.6000061035156,347.6000061035156,5497
2022-12-29,348.54998779296875,355.1499938964844,339.20001220703125,347.54998779296875,347.54998779296875,6132
2022-12-30,349.25,350.45001220703125,339.95001220703125,347.04998779296875,347.04998779296875,5571
2023-01-02,347.0,363.0,343.04998779296875,354.1000061035156,354.1000061035156,18503
2023-01-03,354.5,357.5,352.1000061035156,353.8999938964844,353.8999938964844,10734
2023-01-04,352.1000061035156,356.5,352.1000061035156,352.70001220703125,352.70001220703125,14123
2023-01-05,351.1000061035156,351.1000061035156,342.5,345.5,345.5,12930
2023-01-06,343.20001220703125,343.5,340.45001220703125,343.5,343.5,11794
2023-01-09,336.25,342.8999938964844,336.25,340.29998779296875,340.29998779296875,12477
2023-01-10,340.3500061035156,340.95001220703125,337.1499938964844,340.0,340.0,5921
2023-01-11,337.79998779296875,343.70001220703125,326.0,331.3999938964844,331.3999938964844,12712
2023-01-12,335.0,342.0,332.3500061035156,340.70001220703125,340.70001220703125,12542
2023-01-13,340.70001220703125,340.70001220703125,334.04998779296875,334.95001220703125,334.95001220703125,12006
2023-01-16,337.3999938964844,339.8999938964844,334.1000061035156,339.8500061035156,339.8500061035156,10698
2023-01-17,337.25,346.5,334.6000061035156,345.1000061035156,345.1000061035156,12743
2023-01-18,346.0,346.0,338.0,338.5,338.5,11338
2023-01-19,341.29998779296875,343.0,336.3999938964844,339.75,339.75,11866
2023-01-20,354.95001220703125,354.95001220703125,325.0,332.04998779296875,332.04998779296875,11041
2023-01-23,339.0,345.0,335.04998779296875,343.95001220703125,343.95001220703125,13699
2023-01-24,359.70001220703125,359.70001220703125,336.25,342.5,342.5,22198
2023-01-25,342.0,346.45001220703125,334.1499938964844,335.95001220703125,335.95001220703125,26414
2023-01-27,335.95001220703125,345.95001220703125,332.04998779296875,338.25,338.25,39078
2023-01-30,344.95001220703125,345.0,336.04998779296875,343.3999938964844,343.3999938964844,29025
2023-01-31,339.8999938964844,346.0,336.04998779296875,341.5,341.5,31649
2023-02-01,336.8999938964844,343.0,332.04998779296875,338.29998779296875,338.29998779296875,12491
2023-02-02,341.8999938964844,341.8999938964844,336.04998779296875,336.20001220703125,336.20001220703125,10512
2023-02-03,337.25,338.5,320.0,330.20001220703125,330.20001220703125,11537
2023-02-06,328.20001220703125,333.8500061035156,318.6499938964844,326.6499938964844,326.6499938964844,25910
2023-02-07,332.5,357.45001220703125,310.5,347.79998779296875,347.79998779296875,25936
2023-02-08,353.29998779296875,354.95001220703125,322.25,332.1499938964844,332.1499938964844,24672
2023-02-09,342.1000061035156,343.45001220703125,316.20001220703125,329.1000061035156,329.1000061035156,18138
2023-02-10,330.0,342.54998779296875,329.6499938964844,335.20001220703125,335.20001220703125,12654
2023-02-13,342.04998779296875,344.3500061035156,325.29998779296875,338.75,338.75,15458
2023-02-14,345.0,345.0,330.1000061035156,336.0,336.0,10832
2023-02-15,342.75,342.75,317.3999938964844,325.70001220703125,325.70001220703125,19481
2023-02-16,324.8500061035156,342.8500061035156,324.8500061035156,331.70001220703125,331.70001220703125,25446
2023-02-17,338.75,340.29998779296875,325.1499938964844,329.5,329.5,7303
2023-02-20,329.25,339.45001220703125,322.04998779296875,329.3500061035156,329.3500061035156,13588
2023-02-21,335.95001220703125,340.45001220703125,326.5,334.8500061035156,334.8500061035156,40562
2023-02-22,345.0,345.0,334.45001220703125,336.79998779296875,336.79998779296875,10228
2023-02-23,335.79998779296875,339.45001220703125,332.04998779296875,335.70001220703125,335.70001220703125,7124
2023-02-24,332.0,338.45001220703125,327.0,327.70001220703125,327.70001220703125,15295
2023-02-27,325.8999938964844,342.25,325.0,338.75,338.75,8630
2023-02-28,341.1000061035156,341.8999938964844,326.20001220703125,328.6499938964844,328.6499938964844,12997
2023-03-01,328.6499938964844,359.5,328.6499938964844,347.29998779296875,347.29998779296875,14396
2023-03-02,349.8999938964844,349.8999938964844,332.20001220703125,337.5,337.5,12972
2023-03-03,339.3999938964844,349.45001220703125,334.6499938964844,344.45001220703125,344.45001220703125,10530
2023-03-06,349.29998779296875,349.45001220703125,340.8500061035156,341.0,341.0,20852
2023-03-08,345.0,349.45001220703125,334.75,341.70001220703125,341.70001220703125,5796
2023-03-09,341.5,344.79998779296875,336.29998779296875,338.1499938964844,338.1499938964844,5634
2023-03-10,338.1499938964844,344.79998779296875,332.20001220703125,342.75,342.75,31086
2023-03-13,345.3500061035156,349.75,336.54998779296875,342.0,342.0,23776
2023-03-14,338.8999938964844,342.0,333.54998779296875,334.04998779296875,334.04998779296875,20368
2023-03-15,338.1000061035156,340.3999938964844,331.95001220703125,335.0,335.0,8796
2023-03-16,332.79998779296875,338.45001220703125,328.70001220703125,337.1000061035156,337.1000061035156,9618
2023-03-17,339.45001220703125,349.45001220703125,336.6000061035156,346.8500061035156,346.8500061035156,19232
2023-03-20,346.1000061035156,348.79998779296875,341.8999938964844,345.5,345.5,11177
2023-03-21,342.8999938964844,375.0,342.8999938964844,352.3999938964844,352.3999938964844,17057
2023-03-22,355.20001220703125,369.45001220703125,350.54998779296875,367.1499938964844,367.1499938964844,10902
2023-03-23,367.1499938964844,380.25,345.3999938964844,347.75,347.75,7511
2023-03-24,355.20001220703125,363.95001220703125,348.5,358.70001220703125,358.70001220703125,6643
2023-03-27,366.0,369.45001220703125,351.0,366.79998779296875,366.79998779296875,6685
2023-03-28,369.5,371.29998779296875,355.0,366.04998779296875,366.04998779296875,5790
2023-03-29,363.1000061035156,366.04998779296875,340.54998779296875,349.45001220703125,349.45001220703125,12763
2023-03-31,354.20001220703125,372.54998779296875,347.04998779296875,365.45001220703125,365.45001220703125,9154
2023-04-03,370.54998779296875,373.45001220703125,356.1000061035156,368.04998779296875,368.04998779296875,9758
2023-04-05,368.1000061035156,380.70001220703125,365.75,370.54998779296875,370.54998779296875,6599
2023-04-06,370.04998779296875,373.1000061035156,365.5,369.45001220703125,369.45001220703125,7503
2023-04-10,366.6000061035156,367.1000061035156,343.0,354.45001220703125,354.45001220703125,4644
2023-04-11,373.8500061035156,390.04998779296875,351.8999938964844,359.1000061035156,359.1000061035156,7902
2023-04-12,359.1000061035156,371.8500061035156,359.1000061035156,363.75,363.75,8936
2023-04-13,370.0,370.0,347.8500061035156,351.8500061035156,351.8500061035156,13017
2023-04-17,374.0,374.0,336.6499938964844,345.29998779296875,345.29998779296875,8117
2023-04-18,346.1000061035156,346.1000061035156,338.1000061035156,343.45001220703125,343.45001220703125,7704
2023-04-19,345.8999938964844,347.45001220703125,336.8999938964844,342.8999938964844,342.8999938964844,6290
2023-04-20,346.04998779296875,355.79998779296875,333.0,353.1499938964844,353.1499938964844,11717
2023-04-21,358.0,358.0,336.5,342.45001220703125,342.45001220703125,5754
2023-04-24,349.8500061035156,358.29998779296875,340.29998779296875,343.1499938964844,343.1499938964844,6543
2023-04-25,347.0,347.1000061035156,331.29998779296875,334.0,334.0,5748
2023-04-26,341.8500061035156,357.45001220703125,334.04998779296875,350.29998779296875,350.29998779296875,5694
2023-04-27,353.5,353.54998779296875,336.29998779296875,342.8500061035156,342.8500061035156,8093
2023-04-28,347.6000061035156,347.6000061035156,337.20001220703125,343.1000061035156,343.1000061035156,23595
2023-05-02,348.6000061035156,361.5,345.1499938964844,357.0,357.0,3013
2023-05-03,364.8999938964844,366.1499938964844,341.20001220703125,350.3999938964844,350.3999938964844,3633
2023-05-04,353.04998779296875,357.0,336.20001220703125,341.29998779296875,341.29998779296875,4705
2023-05-05,345.04998779296875,348.8500061035156,340.95001220703125,347.0,347.0,19141
2023-05-08,346.6000061035156,354.8500061035156,344.04998779296875,350.54998779296875,350.54998779296875,21155
2023-05-09,347.45001220703125,358.54998779296875,343.04998779296875,352.5,352.5,23095
2023-05-10,352.54998779296875,358.3999938964844,350.0,350.20001220703125,350.20001220703125,13411
2023-05-11,354.20001220703125,361.0,350.79998779296875,356.8999938964844,356.8999938964844,9390
2023-05-12,358.8999938964844,361.5,348.45001220703125,352.45001220703125,352.45001220703125,22395
2023-05-15,354.70001220703125,361.8999938964844,345.3999938964844,353.75,353.75,17264
2023-05-16,346.25,361.8999938964844,346.04998779296875,359.1000061035156,359.1000061035156,18938
2023-05-17,359.6499938964844,360.8500061035156,348.1499938964844,353.8500061035156,353.8500061035156,19424
2023-05-18,360.95001220703125,360.95001220703125,343.54998779296875,351.45001220703125,351.45001220703125,19854
2023-05-19,354.79998779296875,357.8999938964844,340.20001220703125,341.54998779296875,341.54998779296875,10633
2023-05-22,342.0,354.6499938964844,341.1000061035156,343.79998779296875,343.79998779296875,18424
2023-05-23,348.8500061035156,349.25,340.1000061035156,344.95001220703125,344.95001220703125,5485
2023-05-24,335.0,348.45001220703125,335.0,343.29998779296875,343.29998779296875,0
2023-05-25,348.75,348.75,337.20001220703125,341.04998779296875,341.04998779296875,12606
2023-05-26,337.45001220703125,354.95001220703125,336.3500061035156,343.0,343.0,16754
2023-05-29,364.95001220703125,369.95001220703125,333.95001220703125,361.04998779296875,361.04998779296875,17867
2023-05-30,365.0,371.8999938964844,356.0,361.04998779296875,361.04998779296875,16488
2023-05-31,369.0,369.0,350.70001220703125,354.6000061035156,354.6000061035156,18483
2023-06-01,356.20001220703125,369.3999938964844,353.95001220703125,359.45001220703125,359.45001220703125,11068
2023-06-02,364.8500061035156,369.20001220703125,354.3999938964844,357.79998779296875,357.79998779296875,6902
2023-06-05,360.3500061035156,380.95001220703125,359.3500061035156,375.3500061035156,375.3500061035156,28264
2023-06-06,385.0,385.0,372.0,373.79998779296875,373.79998779296875,8361
2023-06-07,379.20001220703125,387.0,368.04998779296875,375.6499938964844,375.6499938964844,17876
2023-06-08,371.0,380.45001220703125,364.79998779296875,368.5,368.5,18955
2023-06-09,369.79998779296875,376.5,365.0,368.6499938964844,368.6499938964844,12225
2023-06-12,368.70001220703125,377.8999938964844,368.70001220703125,372.1000061035156,372.1000061035156,18516
2023-06-13,375.3500061035156,375.8999938964844,367.3999938964844,373.45001220703125,373.45001220703125,20583
2023-06-14,378.04998779296875,382.79998779296875,374.0,377.54998779296875,377.54998779296875,10503
2023-06-15,384.45001220703125,384.45001220703125,368.8999938964844,377.45001220703125,377.45001220703125,22023
2023-06-16,388.0,388.0,372.1499938964844,375.45001220703125,375.45001220703125,18628
2023-06-19,373.04998779296875,378.1499938964844,370.0,372.04998779296875,372.04998779296875,16308
2023-06-20,375.20001220703125,387.8999938964844,370.95001220703125,385.54998779296875,385.54998779296875,13823
2023-06-21,385.54998779296875,398.0,380.20001220703125,390.29998779296875,390.29998779296875,21710
2023-06-22,390.54998779296875,395.95001220703125,383.3999938964844,390.0,390.0,16543
2023-06-23,392.45001220703125,392.45001220703125,379.1000061035156,385.29998779296875,385.29998779296875,7128
2023-06-26,386.1499938964844,399.3999938964844,382.29998779296875,389.5,389.5,15273
2023-06-27,396.8999938964844,404.45001220703125,385.3500061035156,395.8999938964844,395.8999938964844,13318
2023-06-28,399.45001220703125,407.45001220703125,385.20001220703125,395.20001220703125,395.20001220703125,19316
2023-06-30,399.25,408.04998779296875,397.0,399.6499938964844,399.6499938964844,14141
2023-07-03,400.75,403.1499938964844,388.3500061035156,401.04998779296875,401.04998779296875,11918
2023-07-04,401.04998779296875,403.95001220703125,390.1000061035156,396.04998779296875,396.04998779296875,15608
2023-07-05,389.8999938964844,398.70001220703125,370.20001220703125,376.75,376.75,22598
2023-07-06,382.0,385.04998779296875,370.04998779296875,379.25,379.25,15932
2023-07-07,371.5,383.8999938964844,367.54998779296875,373.5,373.5,14622
2023-07-10,386.0,388.45001220703125,368.04998779296875,378.0,378.0,19533
2023-07-11,384.75,389.3500061035156,376.04998779296875,378.8999938964844,378.8999938964844,13614
2023-07-12,375.0,391.95001220703125,372.20001220703125,378.45001220703125,378.45001220703125,15308
2023-07-13,375.5,386.8999938964844,375.5,381.6000061035156,381.6000061035156,10331
2023-07-14,386.04998779296875,388.79998779296875,360.3999938964844,378.45001220703125,378.45001220703125,26618
2023-07-17,379.25,396.8999938964844,378.20001220703125,380.1499938964844,380.1499938964844,10817
2023-07-18,381.45001220703125,390.95001220703125,379.6499938964844,387.04998779296875,387.04998779296875,24302
2023-07-19,385.0,395.0,385.0,389.70001220703125,389.70001220703125,21101
2023-07-20,399.95001220703125,399.95001220703125,383.1000061035156,390.8999938964844,390.8999938964844,26994
2023-07-21,385.0,395.0,383.3999938964844,387.54998779296875,387.54998779296875,24178
2023-07-24,382.0,398.8500061035156,382.0,389.3999938964844,389.3999938964844,23759
2023-07-25,389.0,404.45001220703125,388.1000061035156,394.29998779296875,394.29998779296875,30354
2023-07-26,399.04998779296875,399.79998779296875,390.1000061035156,394.6000061035156,394.6000061035156,15727
2023-07-27,398.6499938964844,401.95001220703125,390.0,391.0,391.0,24943
2023-07-28,394.8999938964844,403.20001220703125,388.20001220703125,393.5,393.5,14472
2023-07-31,397.8999938964844,398.5,390.1499938964844,390.8500061035156,390.8500061035156,9030
2023-08-01,390.5,399.95001220703125,390.04998779296875,391.20001220703125,391.20001220703125,16728
2023-08-02,392.04998779296875,395.0,390.0,392.29998779296875,392.29998779296875,16995
2023-08-03,393.45001220703125,399.0,390.5,392.25,392.25,21891
2023-08-04,397.70001220703125,405.0,388.0,399.6499938964844,399.6499938964844,23858
2023-08-07,393.0,403.0,393.0,394.25,394.25,12442
2023-08-08,394.0,404.3500061035156,390.20001220703125,403.04998779296875,403.04998779296875,19363
2023-08-09,404.95001220703125,426.04998779296875,403.04998779296875,421.8999938964844,421.8999938964844,18287
2023-08-10,424.20001220703125,424.20001220703125,408.3500061035156,409.8500061035156,409.8500061035156,22616
2023-08-11,416.70001220703125,421.0,401.3999938964844,416.1000061035156,416.1000061035156,23194
2023-08-14,416.1499938964844,425.0,376.1000061035156,393.45001220703125,393.45001220703125,17781
2023-08-16,393.0,420.0,382.29998779296875,412.8500061035156,412.8500061035156,37465
2023-08-17,417.5,440.0,414.3999938964844,437.25,437.25,40835
2023-08-18,439.3999938964844,450.0,425.29998779296875,435.0,435.0,43719
2023-08-21,435.04998779296875,453.95001220703125,424.1000061035156,434.3999938964844,434.3999938964844,45399
2023-08-22,436.6000061035156,445.0,434.75,437.29998779296875,437.29998779296875,47568
2023-08-23,451.25,451.25,428.04998779296875,438.70001220703125,438.70001220703125,33795
2023-08-24,438.8500061035156,447.0,430.1000061035156,436.79998779296875,436.79998779296875,39681
2023-08-25,436.8999938964844,442.04998779296875,426.0,432.1499938964844,432.1499938964844,32614
2023-08-28,439.54998779296875,448.75,427.0,435.0,435.0,28343
2023-08-29,440.0,441.8500061035156,424.6000061035156,432.29998779296875,432.29998779296875,36558
2023-08-30,438.70001220703125,451.25,432.45001220703125,433.54998779296875,433.54998779296875,40385
2023-08-31,440.1000061035156,444.79998779296875,437.45001220703125,440.1000061035156,440.1000061035156,25673
2023-09-01,444.0,463.95001220703125,440.3999938964844,458.79998779296875,458.79998779296875,56129
2023-09-04,470.0,478.8500061035156,448.6499938964844,452.45001220703125,452.45001220703125,28421
2023-09-05,455.04998779296875,461.6000061035156,444.70001220703125,451.3999938964844,451.3999938964844,36908
2023-09-06,460.8500061035156,460.8500061035156,448.04998779296875,448.45001220703125,448.45001220703125,41743
2023-09-07,453.3999938964844,461.45001220703125,450.1000061035156,458.04998779296875,458.04998779296875,40335
2023-09-08,461.3999938964844,461.3999938964844,451.0,455.25,455.25,40265
2023-09-11,462.0,464.6499938964844,450.0,462.1499938964844,462.1499938964844,33717
2023-09-12,451.79998779296875,467.3500061035156,441.54998779296875,456.1000061035156,456.1000061035156,52532
2023-09-13,456.8999938964844,547.2999877929688,455.1499938964844,546.8499755859375,546.8499755859375,281419
2023-09-14,570.0,649.2000122070312,550.0,607.5,607.5,707322
2023-09-15,600.0,604.7999877929688,561.2999877929688,571.7999877929688,571.7999877929688,114776
2023-09-18,592.0,592.0,556.2000122070312,571.4500122070312,571.4500122070312,14519
2023-09-20,580.0,625.0,571.9500122070312,605.7000122070312,605.7000122070312,25723
2023-09-21,600.0,609.0,590.0499877929688,596.4000244140625,596.4000244140625,10233
2023-09-22,590.3499755859375,598.0499877929688,582.2999877929688,584.5999755859375,584.5999755859375,6990
2023-09-25,589.0,596.8499755859375,581.4000244140625,589.1500244140625,589.1500244140625,3306
2023-09-26,589.9500122070312,594.9000244140625,583.9000244140625,589.7999877929688,589.7999877929688,6253
2023-09-27,591.9500122070312,595.0,582.2999877929688,585.5499877929688,585.5499877929688,10866
2023-09-28,586.1500244140625,594.7999877929688,570.0,578.7000122070312,578.7000122070312,10847
2023-09-29,570.2999877929688,630.0,570.2999877929688,620.5499877929688,620.5499877929688,46082
2023-10-03,610.4000244140625,621.6500244140625,595.75,604.0,604.0,20944
2023-10-04,603.4500122070312,615.1500244140625,592.7000122070312,598.75,598.75,29426
2023-10-05,599.0,607.75,587.0999755859375,597.1500244140625,597.1500244140625,24664
2023-10-06,600.2000122070312,645.2000122070312,587.1500244140625,613.5999755859375,613.5999755859375,30488
2023-10-09,613.5499877929688,624.9000244140625,596.0,604.3499755859375,604.3499755859375,19855
2023-10-10,613.4000244140625,613.4000244140625,591.0499877929688,607.3499755859375,607.3499755859375,20807
2023-10-11,608.5499877929688,618.7000122070312,605.0,607.2999877929688,607.2999877929688,19489
2023-10-12,610.7000122070312,624.9000244140625,604.5999755859375,620.4500122070312,620.4500122070312,34365
2023-10-13,618.0,643.0999755859375,614.5499877929688,635.9500122070312,635.9500122070312,24022
2023-10-16,645.0,678.7999877929688,644.9500122070312,670.0,670.0,42577
2023-10-17,685.0,690.0,631.0,638.6500244140625,638.6500244140625,24328
2023-10-18,638.6500244140625,648.25,611.0,626.5999755859375,626.5999755859375,27248
2023-10-19,626.5,642.8499755859375,619.7000122070312,635.3499755859375,635.3499755859375,18644
2023-10-20,641.7000122070312,641.7000122070312,620.0,622.5499877929688,622.5499877929688,5408
2023-10-23,630.2000122070312,631.2999877929688,562.0,572.0999755859375,572.0999755859375,42170
2023-10-25,563.5,590.0,553.2999877929688,559.7000122070312,559.7000122070312,8626
2023-10-26,538.0,552.5999755859375,530.0999755859375,538.9000244140625,538.9000244140625,16335
2023-10-27,547.0,555.8499755859375,536.2999877929688,544.1500244140625,544.1500244140625,4076
2023-10-30,551.0,552.4500122070312,532.5999755859375,540.2999877929688,540.2999877929688,3595
2023-10-31,540.0,555.0,540.0,548.4500122070312,548.4500122070312,15435
2023-11-01,559.9500122070312,560.0,538.0499877929688,554.2000122070312,554.2000122070312,3361
2023-11-02,557.7000122070312,567.4500122070312,551.2999877929688,561.9500122070312,561.9500122070312,7376
2023-11-03,562.2999877929688,574.9500122070312,553.0999755859375,565.5,565.5,19276
2023-11-06,569.5999755859375,574.9500122070312,562.0,567.0499877929688,567.0499877929688,2270
2023-11-07,575.0,578.3499755859375,558.0499877929688,570.75,570.75,31709
2023-11-08,574.8499755859375,579.2000122070312,561.9500122070312,571.6500244140625,571.6500244140625,31249
2023-11-09,567.7000122070312,578.8499755859375,563.5499877929688,575.4500122070312,575.4500122070312,6500
2023-11-10,579.9500122070312,654.5,565.4500122070312,646.8499755859375,646.8499755859375,41931
2023-11-13,670.0,678.0,638.0499877929688,653.25,653.25,6836
2023-11-15,663.0499877929688,663.0499877929688,648.0499877929688,655.1500244140625,655.1500244140625,12541
2023-11-16,659.25,670.0,651.2999877929688,663.2999877929688,663.2999877929688,13192
2023-11-17,664.75,674.9500122070312,642.2000122070312,650.0999755859375,650.0999755859375,12717
2023-11-20,650.0,667.25,637.1500244140625,657.0999755859375,657.0999755859375,12233
2023-11-21,658.0,670.1500244140625,640.0999755859375,650.0,650.0,17252
2023-11-22,650.0,661.0,645.75,654.0499877929688,654.0499877929688,3249
2023-11-23,647.5,665.0,647.0,655.0499877929688,655.0499877929688,7649
2023-11-24,645.2000122070312,658.8499755859375,634.75,645.5999755859375,645.5999755859375,7018
2023-11-28,645.75,684.8499755859375,638.0499877929688,670.0999755859375,670.0999755859375,11181
2023-11-29,673.9500122070312,673.9500122070312,649.1500244140625,656.7000122070312,656.7000122070312,15313
2023-11-30,656.7000122070312,700.0,650.6500244140625,675.4500122070312,675.4500122070312,34429
2023-12-01,684.9000244140625,703.0,676.2000122070312,681.75,681.75,19257
2023-12-04,684.25,708.2000122070312,670.0,684.6500244140625,684.6500244140625,19490
2023-12-05,694.9500122070312,694.9500122070312,666.0,669.2999877929688,669.2999877929688,13937
2023-12-06,671.25,683.2999877929688,660.1500244140625,679.6500244140625,679.6500244140625,7861
2023-12-07,677.5999755859375,684.7000122070312,657.5,668.25,668.25,15956
2023-12-08,676.2999877929688,679.0499877929688,662.0499877929688,674.7999877929688,674.7999877929688,8227
2023-12-11,675.3499755859375,694.9000244140625,669.9500122070312,676.7000122070312,676.7000122070312,15179
2023-12-12,679.9500122070312,705.0,679.9500122070312,686.9000244140625,686.9000244140625,14068
2023-12-13,687.0,707.4500122070312,676.5,702.2000122070312,702.2000122070312,6949
2023-12-14,702.0,719.0,692.0,703.4000244140625,703.4000244140625,7907
2023-12-15,700.0,721.3499755859375,688.25,706.4500122070312,706.4500122070312,11521
2023-12-18,700.0,717.4500122070312,700.0,704.9000244140625,704.9000244140625,7463
2023-12-19,704.9000244140625,709.9500122070312,689.9000244140625,700.7999877929688,700.7999877929688,4794
2023-12-20,692.7999877929688,704.9500122070312,604.7000122070312,674.6500244140625,674.6500244140625,25595
2023-12-21,665.5,694.4000244140625,654.0999755859375,688.6500244140625,688.6500244140625,6111
2023-12-22,665.0,713.9500122070312,665.0,688.8499755859375,688.8499755859375,9420
2023-12-26,690.0,705.0,676.6500244140625,682.7999877929688,682.7999877929688,3749
2023-12-27,711.0,711.0,669.7999877929688,685.6500244140625,685.6500244140625,11488
2023-12-28,710.0,710.0,677.0,683.8499755859375,683.8499755859375,15635
2023-12-29,685.6500244140625,709.0,681.0499877929688,695.0499877929688,695.0499877929688,17418
2024-01-01,705.25,709.3499755859375,689.0,701.0999755859375,701.0999755859375,8158
2024-01-02,715.0,725.0,699.4000244140625,707.3499755859375,707.3499755859375,11129
2024-01-03,712.5,712.5,693.0,701.0999755859375,701.0999755859375,14148
2024-01-04,705.4500122070312,709.8499755859375,697.6500244140625,699.4000244140625,699.4000244140625,17226
2024-01-05,705.4500122070312,705.4500122070312,690.0499877929688,695.5999755859375,695.5999755859375,7696
2024-01-08,724.0,724.0,681.0,691.0499877929688,691.0499877929688,4509
2024-01-09,691.4500122070312,703.7000122070312,682.5499877929688,690.1500244140625,690.1500244140625,8386
2024-01-10,700.0,703.8499755859375,687.0,689.2000122070312,689.2000122070312,13000
2024-01-11,699.0,707.0,660.0,681.25,681.25,22900
2024-01-12,694.9500122070312,699.9000244140625,687.2000122070312,693.75,693.75,26203
2024-01-15,693.75,693.75,693.75,693.75,693.75,0
2024-01-16,703.5999755859375,703.5999755859375,682.0999755859375,693.0,693.0,11362
2024-01-17,694.0,699.0,687.3499755859375,695.5499877929688,695.5499877929688,18967
2024-01-18,698.3499755859375,698.4000244140625,681.0999755859375,695.9500122070312,695.9500122070312,14295
2024-01-19,709.9500122070312,709.9500122070312,685.0,689.0499877929688,689.0499877929688,8910
2024-01-23,685.2000122070312,690.8499755859375,670.0,679.4500122070312,679.4500122070312,1996
2024-01-24,692.5,699.5,675.25,681.2000122070312,681.2000122070312,8222
2024-01-25,684.7999877929688,695.9500122070312,675.4500122070312,684.2999877929688,684.2999877929688,4656
2024-01-29,685.0999755859375,686.9000244140625,661.0999755859375,671.0,671.0,6057
2024-01-30,661.0,686.2999877929688,661.0,669.9500122070312,669.9500122070312,33135
2024-01-31,681.25,695.0,666.2000122070312,689.9500122070312,689.9500122070312,35675
2024-02-01,698.0,727.5,687.2000122070312,703.6500244140625,703.6500244140625,39379
2024-02-02,707.25,719.9500122070312,692.0,704.3499755859375,704.3499755859375,35722
2024-02-05,695.0499877929688,702.5499877929688,661.9500122070312,687.6500244140625,687.6500244140625,23443
2024-02-06,714.5999755859375,714.6500244140625,688.7000122070312,690.0499877929688,690.0499877929688,33649
2024-02-07,700.4000244140625,702.5499877929688,685.1500244140625,691.4000244140625,691.4000244140625,26947
2024-02-08,701.75,705.0,683.5499877929688,692.75,692.75,18789
2024-02-09,665.0999755859375,735.0,665.0999755859375,713.5999755859375,713.5999755859375,47515
2024-02-12,700.0499877929688,729.8499755859375,698.6500244140625,715.2999877929688,715.2999877929688,38322
2024-02-13,702.8499755859375,712.2999877929688,681.0,701.9000244140625,701.9000244140625,34919
2024-02-14,699.3499755859375,780.0,688.0499877929688,746.0499877929688,746.0499877929688,70792
2024-02-15,759.9000244140625,770.0,722.2999877929688,731.7000122070312,731.7000122070312,35645
2024-02-16,730.0,755.0,710.9500122070312,750.7000122070312,750.7000122070312,38956
2024-02-19,761.9500122070312,764.9000244140625,700.5499877929688,716.9000244140625,716.9000244140625,24830
2024-02-20,720.5,727.5999755859375,704.2999877929688,710.4000244140625,710.4000244140625,24270
2024-02-21,718.7000122070312,748.0,705.25,727.3499755859375,727.3499755859375,31046
2024-02-22,727.0,753.9000244140625,722.0,736.0999755859375,736.0999755859375,34669
2024-02-23,747.1500244140625,747.1500244140625,707.0,715.4000244140625,715.4000244140625,25128
2024-02-26,723.9500122070312,732.2000122070312,713.5999755859375,724.5999755859375,724.5999755859375,39483
2024-02-27,735.0,737.5999755859375,721.3499755859375,723.7999877929688,723.7999877929688,48841
2024-02-28,734.0,734.0,701.0,707.0,707.0,28203
2024-02-29,714.25,714.9500122070312,691.0499877929688,707.6500244140625,707.6500244140625,42911
2024-03-01,712.8499755859375,728.2000122070312,701.0,717.2000122070312,717.2000122070312,29941
2024-03-04,713.5999755859375,719.8499755859375,690.0,696.4000244140625,696.4000244140625,46147
2024-03-05,705.5999755859375,789.4500122070312,692.5,709.5999755859375,709.5999755859375,115460
2024-03-06,713.1500244140625,724.0999755859375,705.2000122070312,711.3499755859375,711.3499755859375,61440
2024-03-07,726.7999877929688,731.5499877929688,710.0,710.0499877929688,710.0499877929688,53936
2024-03-11,719.5499877929688,719.5499877929688,646.0999755859375,668.7999877929688,668.7999877929688,55309
2024-03-12,682.2999877929688,685.4000244140625,665.4500122070312,674.7999877929688,674.7999877929688,52281
2024-03-13,664.7000122070312,689.0,621.0,641.2000122070312,641.2000122070312,77482
2024-03-14,636.8499755859375,665.9500122070312,630.0499877929688,643.5499877929688,643.5499877929688,58346
2024-03-18,647.4500122070312,654.9500122070312,640.6500244140625,649.1500244140625,649.1500244140625,46198
2024-03-19,652.8499755859375,655.4000244140625,631.0999755859375,635.1500244140625,635.1500244140625,23062
2024-03-20,640.0,653.1500244140625,630.0,639.2999877929688,639.2999877929688,26191
2024-03-21,643.9000244140625,670.0,628.2999877929688,649.1500244140625,649.1500244140625,22626
2024-03-22,664.0,664.0,625.0,642.0499877929688,642.0499877929688,31865
2024-03-26,632.4000244140625,656.4000244140625,632.4000244140625,640.5499877929688,640.5499877929688,22937
2024-03-27,641.7999877929688,673.6500244140625,637.7000122070312,642.2000122070312,642.2000122070312,24272
2024-03-28,651.0499877929688,657.9500122070312,635.0,646.2999877929688,646.2999877929688,44537
2024-04-01,649.5499877929688,669.7999877929688,642.2000122070312,655.7999877929688,655.7999877929688,33338
2024-04-02,658.5,680.5499877929688,650.0,666.6500244140625,666.6500244140625,25076
2024-04-03,662.7000122070312,680.0,659.9500122070312,670.8499755859375,670.8499755859375,32172
2024-04-04,674.2000122070312,684.0499877929688,662.7999877929688,670.6500244140625,670.6500244140625,40073
2024-04-05,674.2000122070312,690.0,674.2000122070312,682.2000122070312,682.2000122070312,43056
2024-04-08,685.4000244140625,689.9500122070312,675.8499755859375,679.2999877929688,679.2999877929688,19812
2024-04-09,682.8499755859375,700.0,682.8499755859375,687.7999877929688,687.7999877929688,28332
2024-04-10,681.5,700.0,678.9000244140625,693.1500244140625,693.1500244140625,21065
2024-04-12,696.7999877929688,713.2000122070312,693.75,704.8499755859375,704.8499755859375,23299
2024-04-15,680.5,703.0,673.5,687.7999877929688,687.7999877929688,25203
2024-04-16,691.4000244140625,696.5499877929688,675.5,684.75,684.75,20428
2024-04-18,685.0999755859375,695.0,681.0499877929688,687.9000244140625,687.9000244140625,16157
2024-04-19,689.9500122070312,694.9500122070312,676.1500244140625,688.0,688.0,21514
2024-04-22,684.4500122070312,694.7999877929688,684.4500122070312,691.5499877929688,691.5499877929688,52270
2024-04-23,695.2000122070312,700.0,685.0,689.7999877929688,689.7999877929688,21819
2024-04-24,689.9500122070312,699.0,683.0,690.2999877929688,690.2999877929688,23302
2024-04-25,691.6500244140625,705.9000244140625,676.0,684.7000122070312,684.7000122070312,21265
2024-04-26,680.0,692.9000244140625,680.0,686.5999755859375,686.5999755859375,30116
2024-04-29,688.2999877929688,703.5999755859375,684.0,691.6500244140625,691.6500244140625,24891
2024-04-30,696.7999877929688,700.0,676.0499877929688,688.0999755859375,688.0999755859375,25380
2024-05-02,683.4500122070312,765.0,683.4500122070312,739.5999755859375,739.5999755859375,35271
2024-05-03,750.7000122070312,759.0,722.0999755859375,749.0999755859375,749.0999755859375,23320
2024-05-06,764.9500122070312,764.9500122070312,736.5,751.3499755859375,751.3499755859375,25843
2024-05-07,763.5,764.9500122070312,747.0499877929688,751.7999877929688,751.7999877929688,21842
2024-05-08,743.3499755859375,751.8499755859375,743.0499877929688,745.4000244140625,745.4000244140625,1501
2024-05-09,747.5999755859375,764.9500122070312,734.5999755859375,752.0,752.0,6639
2024-05-10,746.75,759.8499755859375,739.0999755859375,749.1500244140625,749.1500244140625,2486
2024-05-13,743.0,752.0,737.5,744.8499755859375,744.8499755859375,13880
2024-05-14,742.7999877929688,746.5999755859375,720.0499877929688,736.25,736.25,14351
2024-05-15,743.0999755859375,745.9000244140625,733.0499877929688,741.1500244140625,741.1500244140625,15181
2024-05-16,735.0,762.9500122070312,735.0,752.3499755859375,752.3499755859375,2814
2024-05-17,761.3499755859375,791.5,751.5499877929688,788.0,788.0,7292
2024-05-21,785.0,789.9000244140625,761.9500122070312,777.4000244140625,777.4000244140625,5503
2024-05-22,780.0,802.0999755859375,776.0999755859375,788.75,788.75,17354
2024-05-23,779.9500122070312,800.0,767.0,790.0,790.0,38348
2024-05-24,764.0999755859375,815.0,763.7000122070312,793.4500122070312,793.4500122070312,38144
2024-05-27,810.0,810.0,754.3499755859375,787.2000122070312,787.2000122070312,32387
2024-05-28,791.7999877929688,818.5999755859375,791.0,798.8499755859375,798.8499755859375,33108
2024-05-29,810.8499755859375,826.9500122070312,798.7000122070312,809.2000122070312,809.2000122070312,30381
2024-05-30,818.0,818.0,773.7000122070312,780.2999877929688,780.2999877929688,35070
2024-05-31,814.0,814.0,769.6500244140625,777.9000244140625,777.9000244140625,30711
2024-06-03,814.0,817.3499755859375,756.9500122070312,784.9000244140625,784.9000244140625,41970
2024-06-04,796.6500244140625,809.9000244140625,744.0499877929688,750.1500244140625,750.1500244140625,44667
2024-06-05,766.2000122070312,778.0,749.2000122070312,775.9000244140625,775.9000244140625,26905
2024-06-06,761.7000122070312,792.7000122070312,761.7000122070312,781.75,781.75,27285
2024-06-07,785.7000122070312,809.1500244140625,762.0,776.7000122070312,776.7000122070312,32693
2024-06-10,788.3499755859375,797.5,762.0,773.25,773.25,28229
2024-06-11,770.2999877929688,780.0499877929688,770.0,771.7000122070312,771.7000122070312,9354
